Date,Max Temp,Min Temp,Avg Temp,Departure,HDD,CDD,Precipitation,New Snow,Snow Depth,Cancellations,load_forecast,Number of Flights,Month,TemperatureRange,LogPrecipitation,AvgTemp_7dayRolling
2021-11-01,63.0,46.0,54.5,6.7,10.0,0.0,0.0,0.0,0.0,7.0,5323.8,694.0,11.0,17.0,0.0,54.5
2021-11-02,58.0,44.0,51.0,3.7,14.0,0.0,0.06,0.0,0.0,0.0,5594.25,645.0,11.0,14.0,0.05826890812397577,51.0
2021-11-03,58.0,40.0,49.0,2.1,16.0,0.0,0.0,0.0,0.0,0.0,5622.071429,653.0,11.0,18.0,0.0,49.0
2021-11-04,67.0,39.0,53.0,6.5,12.0,0.0,0.0,0.0,0.0,2.0,5750.125,680.0,11.0,28.0,0.0,53.0
2021-11-05,66.0,41.0,53.5,7.4,11.0,0.0,0.0,0.0,0.0,4.0,5484.470588,676.0,11.0,25.0,0.0,53.5
2021-11-06,67.0,48.0,57.5,11.8,7.0,0.0,0.0,0.0,0.0,1.0,5387.933333,612.0,11.0,19.0,0.0,57.5
2021-11-07,54.0,42.0,48.0,2.7,17.0,0.0,0.0,0.0,0.0,3.0,5590.384615,661.0,11.0,12.0,0.0,52.357142857142854
2021-11-08,50.0,38.0,44.0,-0.9,21.0,0.0,0.0,0.0,0.0,4.0,5576.555556,658.0,11.0,12.0,0.0,50.857142857142854
2021-11-09,50.0,37.0,43.5,-1.0,21.0,0.0,0.25,0.0,0.0,2.0,5860.578947,628.0,11.0,13.0,0.22314355131420976,49.785714285714285
2021-11-10,52.0,39.0,45.5,1.5,19.0,0.0,1e-05,0.0,0.0,2.0,6079.454545,637.0,11.0,13.0,9.99995000033333e-06,49.285714285714285
2021-11-11,51.0,39.0,45.0,1.4,20.0,0.0,1e-05,0.0,0.0,2.0,5995.588235,664.0,11.0,12.0,9.99995000033333e-06,48.142857142857146
2021-11-12,62.0,46.0,54.0,10.8,11.0,0.0,0.0,0.0,0.0,0.0,5705.222222,662.0,11.0,16.0,0.0,48.214285714285715
2021-11-13,63.0,42.0,52.5,9.7,12.0,0.0,0.0,0.0,0.0,0.0,5645.714286,599.0,11.0,21.0,0.0,47.5
2021-11-14,66.0,43.0,54.5,12.1,10.0,0.0,0.0,0.0,0.0,2.0,5862.294118,663.0,11.0,23.0,0.0,48.42857142857143
2021-11-15,66.0,42.0,54.0,12.1,11.0,0.0,0.0,0.0,0.0,0.0,6040.941176,659.0,11.0,24.0,0.0,49.857142857142854
2021-11-16,61.0,33.0,47.0,5.5,18.0,0.0,1e-05,0.0,0.0,0.0,5925.6,629.0,11.0,28.0,9.99995000033333e-06,50.357142857142854
2021-11-17,42.0,28.0,35.0,-6.1,30.0,0.0,0.0,0.0,0.0,1.0,6064.733333,640.0,11.0,14.0,0.0,48.857142857142854
2021-11-18,45.0,28.0,36.5,-4.2,28.0,0.0,0.0,0.0,0.0,0.0,6066.0,666.0,11.0,17.0,0.0,47.642857142857146
2021-11-19,48.0,36.0,42.0,1.8,23.0,0.0,0.03,0.0,0.0,0.0,5849.125,673.0,11.0,12.0,0.0295588022415444,45.92857142857143
2021-11-20,48.0,34.0,41.0,1.2,24.0,0.0,1e-05,0.0,0.0,1.0,5829.0,633.0,11.0,14.0,9.99995000033333e-06,44.285714285714285
2021-11-21,47.0,28.0,37.5,-1.9,27.0,0.0,0.0,0.0,0.0,1.0,5944.65,670.0,11.0,19.0,0.0,41.857142857142854
2021-11-22,48.0,30.0,39.0,0.0,26.0,0.0,0.0,0.0,0.0,2.0,6001.846154,670.0,11.0,18.0,0.0,39.714285714285715
2021-11-23,50.0,28.0,39.0,0.4,26.0,0.0,0.0,0.0,0.0,2.0,6020.6,680.0,11.0,22.0,0.0,38.57142857142857
2021-11-24,42.0,30.0,36.0,-2.2,29.0,0.0,0.0,0.0,0.0,1.0,5846.357143,695.0,11.0,12.0,0.0,38.714285714285715
2021-11-25,46.0,26.0,36.0,-1.8,29.0,0.0,0.0,0.0,0.0,3.0,5622.9375,405.0,11.0,20.0,0.0,38.642857142857146
2021-11-26,46.0,27.0,36.5,-0.9,28.0,0.0,0.0,0.0,0.0,2.0,5728.333333,502.0,11.0,19.0,0.0,37.857142857142854
2021-11-27,50.0,27.0,38.5,1.5,26.0,0.0,0.0,0.0,0.0,0.0,5586.142857,678.0,11.0,23.0,0.0,37.5
2021-11-28,54.0,30.0,42.0,5.4,23.0,0.0,0.0,0.0,0.0,0.0,5753.333333,694.0,11.0,24.0,0.0,38.142857142857146
2021-11-29,55.0,31.0,43.0,6.8,22.0,0.0,0.0,0.0,0.0,2.0,6173.5625,687.0,11.0,24.0,0.0,38.714285714285715
2021-11-30,50.0,30.0,40.0,4.1,25.0,0.0,0.0,0.0,0.0,0.0,6364.578947,646.0,11.0,20.0,0.0,38.857142857142854
2021-12-01,55.0,30.0,42.5,7.0,22.0,0.0,0.0,0.0,0.0,1.0,6189.428571,626.0,12.0,25.0,0.0,39.785714285714285
2021-12-02,57.0,30.0,43.5,8.3,21.0,0.0,0.0,0.0,0.0,0.0,6158.142857,646.0,12.0,27.0,0.0,40.857142857142854
2021-12-03,52.0,30.0,41.0,6.2,24.0,0.0,0.0,0.0,0.0,0.0,6057.5,638.0,12.0,22.0,0.0,41.5
2021-12-04,56.0,30.0,43.0,8.5,22.0,0.0,0.0,0.0,0.0,0.0,5973.615385,516.0,12.0,26.0,0.0,42.142857142857146
2021-12-05,55.0,32.0,43.5,9.3,21.0,0.0,0.0,0.0,0.0,1.0,6378.1875,640.0,12.0,23.0,0.0,42.357142857142854
2021-12-06,43.0,29.0,36.0,2.1,29.0,0.0,0.0,0.0,0.0,0.0,6394.0,632.0,12.0,14.0,0.0,41.357142857142854
2021-12-07,52.0,33.0,42.5,8.9,22.0,0.0,0.0,0.0,0.0,0.0,6447.333333,592.0,12.0,19.0,0.0,41.714285714285715
2021-12-08,52.0,32.0,42.0,8.7,23.0,0.0,1e-05,0.0,0.0,1.0,6611.0,604.0,12.0,20.0,9.99995000033333e-06,41.642857142857146
2021-12-09,46.0,28.0,37.0,3.9,28.0,0.0,0.53,1.4,0.0,7.0,6452.727273,642.0,12.0,18.0,0.4252677354043441,40.714285714285715
2021-12-10,32.0,25.0,28.5,-4.3,36.0,0.0,0.04,0.8,1.0,3.0,5979.923077,632.0,12.0,7.0,0.039220713153281295,38.92857142857143
2021-12-11,32.0,22.0,27.0,-5.6,38.0,0.0,0.0,0.0,1.0,1.0,5964.058824,510.0,12.0,10.0,0.0,36.642857142857146
2021-12-12,49.0,32.0,40.5,8.1,24.0,0.0,0.0,0.0,1.0,0.0,6393.733333,640.0,12.0,17.0,0.0,36.214285714285715
2021-12-13,50.0,39.0,44.5,12.3,20.0,0.0,0.0,0.0,0.0,0.0,6443.941176,632.0,12.0,11.0,0.0,37.42857142857143
2021-12-14,56.0,32.0,44.0,12.0,21.0,0.0,0.44,4.5,0.0,29.0,6647.578947,594.0,12.0,24.0,0.3646431135879093,37.642857142857146
2021-12-15,33.0,21.0,27.0,-4.8,38.0,0.0,0.08,4.2,8.0,49.0,6711.6875,603.0,12.0,12.0,0.07696104113612832,35.5
2021-12-16,34.0,28.0,31.0,-0.6,34.0,0.0,1e-05,0.1,7.0,24.0,6689.666667,660.0,12.0,6.0,9.99995000033333e-06,34.642857142857146
2021-12-17,37.0,25.0,31.0,-0.5,34.0,0.0,1e-05,1e-05,6.0,3.0,6510.85,664.0,12.0,12.0,9.99995000033333e-06,35.0
2021-12-18,36.0,20.0,28.0,-3.3,37.0,0.0,0.0,0.0,4.0,5.0,6340.214286,632.0,12.0,16.0,0.0,35.142857142857146
2021-12-19,34.0,18.0,26.0,-5.2,39.0,0.0,0.0,0.0,4.0,1.0,6713.411765,656.0,12.0,16.0,0.0,33.07142857142857
2021-12-20,39.0,22.0,30.5,-0.6,34.0,0.0,0.0,0.0,3.0,0.0,6608.75,660.0,12.0,17.0,0.0,31.071428571428573
2021-12-21,38.0,22.0,30.0,-1.0,35.0,0.0,0.0,0.0,3.0,0.0,6524.117647,654.0,12.0,16.0,0.0,29.071428571428573
2021-12-22,32.0,14.0,23.0,-7.9,42.0,0.0,0.0,0.0,3.0,0.0,6729.9375,662.0,12.0,18.0,0.0,28.5
2021-12-23,50.0,28.0,39.0,8.2,26.0,0.0,0.11,0.0,3.0,10.0,6729.666667,681.0,12.0,22.0,0.10436001532424277,29.642857142857142
2021-12-24,46.0,35.0,40.5,9.7,24.0,0.0,0.02,1e-05,0.0,27.0,6427.333333,506.0,12.0,11.0,0.019802627296179712,31.0
2021-12-25,49.0,35.0,42.0,11.3,23.0,0.0,0.0,0.0,0.0,36.0,5871.230769,487.0,12.0,14.0,0.0,33.0
2021-12-26,43.0,29.0,36.0,5.3,29.0,0.0,0.13,1.5,2.0,107.0,6063.5,677.0,12.0,14.0,0.12221763272424921,34.42857142857143
2021-12-27,39.0,22.0,30.5,-0.1,34.0,0.0,0.13,3.0,1.0,84.0,6343.5,678.0,12.0,17.0,0.12221763272424921,34.42857142857143
2021-12-28,26.0,19.0,22.5,-8.1,42.0,0.0,0.02,0.4,3.0,42.0,6190.2,668.0,12.0,7.0,0.019802627296179712,33.357142857142854
2021-12-29,34.0,16.0,25.0,-5.6,40.0,0.0,0.0,0.0,2.0,36.0,6212.818182,674.0,12.0,18.0,0.0,33.642857142857146
2021-12-30,43.0,31.0,37.0,6.4,28.0,0.0,0.14,2.0,2.0,54.0,6343.727273,681.0,12.0,12.0,0.13102826240640408,33.357142857142854
2021-12-31,33.0,14.0,23.5,-7.1,41.0,0.0,0.2,3.6,5.0,39.0,6031.631579,512.0,12.0,19.0,0.18232155679395465,30.928571428571427
2022-01-01,24.0,9.0,16.5,-14.1,48.0,0.0,0.0,0.0,4.0,31.0,6020.25,588.0,1.0,15.0,0.0,27.285714285714285
2022-01-02,28.0,10.0,19.0,-11.6,46.0,0.0,0.0,0.0,2.0,57.0,5292.769231,596.0,1.0,18.0,0.0,24.857142857142858
2022-01-03,41.0,13.0,27.0,-3.6,38.0,0.0,0.0,0.0,2.0,38.0,5421.285714,617.0,1.0,28.0,0.0,24.357142857142858
2022-01-04,41.0,27.0,34.0,3.4,31.0,0.0,1e-05,1e-05,2.0,22.0,5367.714286,623.0,1.0,14.0,9.99995000033333e-06,26.0
2022-01-05,42.0,30.0,36.0,5.3,29.0,0.0,0.35,1e-05,1.0,21.0,5406.588235,523.0,1.0,12.0,0.3001045924503381,27.571428571428573
2022-01-06,51.0,35.0,43.0,12.3,22.0,0.0,0.03,0.0,0.0,21.0,5274.2,576.0,1.0,16.0,0.0295588022415444,28.428571428571427
2022-01-07,58.0,40.0,49.0,18.3,16.0,0.0,0.0,0.0,0.0,17.0,4968.666667,570.0,1.0,18.0,0.0,32.07142857142857
2022-01-08,44.0,30.0,37.0,6.2,28.0,0.0,0.01,0.0,0.0,7.0,4962.6,544.0,1.0,14.0,0.009950330853168083,35.0
2022-01-09,40.0,25.0,32.5,1.7,32.0,0.0,0.0,0.0,0.0,15.0,5400.157895,600.0,1.0,15.0,0.0,36.92857142857143
2022-01-10,41.0,24.0,32.5,1.6,32.0,0.0,0.0,0.0,0.0,0.0,5420.1875,622.0,1.0,17.0,0.0,37.714285714285715
2022-01-11,41.0,24.0,32.5,1.6,32.0,0.0,0.0,0.0,0.0,4.0,5452.4375,621.0,1.0,17.0,0.0,37.5
2022-01-12,45.0,26.0,35.5,4.5,29.0,0.0,0.0,0.0,0.0,1.0,5519.315789,530.0,1.0,19.0,0.0,37.42857142857143
2022-01-13,43.0,27.0,35.0,4.0,30.0,0.0,0.0,0.0,0.0,5.0,5510.727273,620.0,1.0,16.0,0.0,36.285714285714285
2022-01-14,41.0,27.0,34.0,2.9,31.0,0.0,0.0,0.0,0.0,5.0,5074.714286,623.0,1.0,14.0,0.0,34.142857142857146
2022-01-15,45.0,25.0,35.0,3.8,30.0,0.0,0.0,0.0,0.0,3.0,5068.266667,590.0,1.0,20.0,0.0,33.857142857142854
2022-01-16,41.0,22.0,31.5,0.3,33.0,0.0,0.0,0.0,0.0,4.0,5174.882353,598.0,1.0,19.0,0.0,33.714285714285715
2022-01-17,37.0,23.0,30.0,-1.3,35.0,0.0,0.0,0.0,0.0,0.0,5451.538462,622.0,1.0,14.0,0.0,33.357142857142854
2022-01-18,40.0,25.0,32.5,1.1,32.0,0.0,0.0,0.0,0.0,6.0,5687.388889,629.0,1.0,15.0,0.0,33.357142857142854
2022-01-19,36.0,26.0,31.0,-0.5,34.0,0.0,0.0,0.0,0.0,8.0,5704.9375,540.0,1.0,10.0,0.0,32.714285714285715
2022-01-20,39.0,23.0,31.0,-0.5,34.0,0.0,0.06,0.6,0.0,6.0,5659.125,627.0,1.0,16.0,0.05826890812397577,32.142857142857146
2022-01-21,40.0,27.0,33.5,1.9,31.0,0.0,1e-05,1e-05,1.0,5.0,5350.846154,624.0,1.0,13.0,9.99995000033333e-06,32.07142857142857
2022-01-22,36.0,22.0,29.0,-2.7,36.0,0.0,0.0,0.0,0.0,2.0,5342.8125,618.0,1.0,14.0,0.0,31.214285714285715
2022-01-23,37.0,21.0,29.0,-2.8,36.0,0.0,0.0,0.0,0.0,10.0,5548.285714,632.0,1.0,16.0,0.0,30.857142857142858
2022-01-24,43.0,23.0,33.0,1.1,32.0,0.0,0.0,0.0,0.0,7.0,5659.611111,375.0,1.0,20.0,0.0,31.285714285714285
2022-01-25,39.0,27.0,33.0,1.0,32.0,0.0,0.02,0.3,0.0,5.0,5743.857143,516.0,1.0,12.0,0.019802627296179712,31.357142857142858
2022-01-26,39.0,22.0,30.5,-1.7,34.0,0.0,0.0,0.0,0.0,2.0,5707.666667,606.0,1.0,17.0,0.0,31.285714285714285
2022-01-27,35.0,20.0,27.5,-4.8,37.0,0.0,0.0,0.0,0.0,7.0,5362.705882,639.0,1.0,15.0,0.0,30.785714285714285
2022-01-28,39.0,21.0,30.0,-2.4,35.0,0.0,0.0,0.0,0.0,9.0,5388.0,638.0,1.0,18.0,0.0,30.285714285714285
2022-01-29,38.0,19.0,28.5,-4.1,36.0,0.0,0.0,0.0,0.0,20.0,5258.6,584.0,1.0,19.0,0.0,30.214285714285715
2022-01-30,39.0,18.0,28.5,-4.2,36.0,0.0,0.0,0.0,0.0,11.0,5581.5,581.0,1.0,21.0,0.0,30.142857142857142
2022-01-31,45.0,21.0,33.0,0.1,32.0,0.0,0.0,0.0,0.0,0.0,5641.714286,599.0,1.0,24.0,0.0,30.142857142857142
2022-02-01,33.0,20.0,26.5,-6.5,38.0,0.0,0.0,0.0,0.0,8.0,5694.52381,601.0,2.0,13.0,0.0,29.214285714285715
2022-02-02,26.0,15.0,20.5,-12.7,44.0,0.0,0.07,0.7,1.0,22.0,5760.5625,510.0,2.0,11.0,0.06765864847381481,27.785714285714285
2022-02-03,29.0,14.0,21.5,-11.9,43.0,0.0,0.0,0.0,1e-05,59.0,5743.294118,597.0,2.0,15.0,0.0,26.928571428571427
2022-02-04,36.0,17.0,26.5,-7.1,38.0,0.0,0.0,0.0,1e-05,16.0,5601.363636,603.0,2.0,19.0,0.0,26.428571428571427
2022-02-05,43.0,20.0,31.5,-2.3,33.0,0.0,0.0,0.0,0.0,9.0,5409.65,570.0,2.0,23.0,0.0,26.857142857142858
2022-02-06,39.0,21.0,30.0,-4.0,35.0,0.0,0.0,0.0,0.0,8.0,5686.888889,579.0,2.0,18.0,0.0,27.071428571428573
2022-02-07,47.0,24.0,35.5,1.2,29.0,0.0,0.0,0.0,0.0,2.0,5925.9,594.0,2.0,23.0,0.0,27.428571428571427
2022-02-08,47.0,24.0,35.5,1.0,29.0,0.0,0.0,0.0,0.0,0.0,5629.933333,604.0,2.0,23.0,0.0,28.714285714285715
2022-02-09,48.0,29.0,38.5,3.7,26.0,0.0,0.0,0.0,0.0,0.0,5796.166667,514.0,2.0,19.0,0.0,31.285714285714285
2022-02-10,51.0,28.0,39.5,4.5,25.0,0.0,0.0,0.0,0.0,0.0,5944.076923,598.0,2.0,23.0,0.0,33.857142857142854
2022-02-11,53.0,30.0,41.5,6.2,23.0,0.0,0.0,0.0,0.0,5.0,5922.8125,601.0,2.0,23.0,0.0,36.0
2022-02-12,50.0,26.0,38.0,2.4,27.0,0.0,0.0,0.0,0.0,1.0,5692.833333,562.0,2.0,24.0,0.0,36.92857142857143
2022-02-13,56.0,27.0,41.5,5.6,23.0,0.0,0.0,0.0,0.0,0.0,6092.066667,573.0,2.0,29.0,0.0,38.57142857142857
2022-02-14,60.0,30.0,45.0,8.8,20.0,0.0,0.0,0.0,0.0,0.0,5864.818182,617.0,2.0,30.0,0.0,39.92857142857143
2022-02-15,52.0,36.0,44.0,7.5,21.0,0.0,1e-05,0.0,0.0,0.0,6182.230769,630.0,2.0,16.0,9.99995000033333e-06,41.142857142857146
2022-02-16,36.0,28.0,32.0,-4.9,33.0,0.0,0.06,0.4,0.0,4.0,6138.133333,535.0,2.0,8.0,0.05826890812397577,40.214285714285715
2022-02-17,41.0,23.0,32.0,-5.2,33.0,0.0,0.0,0.0,0.0,11.0,6169.333333,592.0,2.0,18.0,0.0,39.142857142857146
2022-02-18,50.0,28.0,39.0,1.5,26.0,0.0,0.0,0.0,0.0,4.0,6077.473684,600.0,2.0,22.0,0.0,38.785714285714285
2022-02-19,55.0,30.0,42.5,4.6,22.0,0.0,0.0,0.0,0.0,0.0,5957.5,592.0,2.0,25.0,0.0,39.42857142857143
2022-02-20,57.0,33.0,45.0,6.8,20.0,0.0,0.0,0.0,0.0,1.0,6062.307692,621.0,2.0,24.0,0.0,39.92857142857143
2022-02-21,41.0,28.0,34.5,-4.1,30.0,0.0,0.02,0.5,0.0,8.0,6188.142857,640.0,2.0,13.0,0.019802627296179712,38.42857142857143
2022-02-22,38.0,23.0,30.5,-8.5,34.0,0.0,0.03,0.9,1.0,3.0,5954.2,636.0,2.0,15.0,0.0295588022415444,36.5
2022-02-23,28.0,20.0,24.0,-15.3,41.0,0.0,0.05,1.5,2.0,26.0,6046.5,488.0,2.0,8.0,0.048790164169432,35.357142857142854
2022-02-24,30.0,13.0,21.5,-18.2,43.0,0.0,1e-05,0.3,2.0,23.0,5872.235294,484.0,2.0,17.0,9.99995000033333e-06,33.857142857142854
2022-02-25,30.0,12.0,21.0,-19.1,44.0,0.0,0.04,1.0,1.0,3.0,5471.266667,641.0,2.0,18.0,0.039220713153281295,31.285714285714285
2022-02-26,36.0,16.0,26.0,-14.4,39.0,0.0,0.0,0.0,0.0,3.0,5674.352941,627.0,2.0,20.0,0.0,28.928571428571427
2022-02-27,41.0,21.0,31.0,-9.8,34.0,0.0,0.0,0.0,0.0,2.0,6109.176471,628.0,2.0,20.0,0.0,26.928571428571427
2022-02-28,50.0,22.0,36.0,-5.2,29.0,0.0,0.0,0.0,0.0,0.0,6236.857143,634.0,2.0,28.0,0.0,27.142857142857142
2022-03-01,59.0,30.0,44.5,3.0,20.0,0.0,0.0,0.0,0.0,0.0,6291.058824,635.0,3.0,29.0,0.0,29.142857142857142
2022-03-02,65.0,34.0,49.5,7.6,15.0,0.0,0.0,0.0,0.0,0.0,6122.846154,487.0,3.0,31.0,0.0,32.785714285714285
2022-03-03,71.0,42.0,56.5,14.2,8.0,0.0,0.0,0.0,0.0,0.0,6191.764706,505.0,3.0,29.0,0.0,37.785714285714285
2022-03-04,60.0,46.0,53.0,10.4,12.0,0.0,1e-05,0.0,0.0,4.0,5877.722222,641.0,3.0,14.0,9.99995000033333e-06,42.357142857142854
2022-03-05,51.0,32.0,41.5,-1.4,23.0,0.0,0.76,3.8,0.0,3.0,6365.1875,618.0,3.0,19.0,0.5653138090500605,44.57142857142857
2022-03-06,38.0,25.0,31.5,-11.8,33.0,0.0,0.39,4.3,6.0,2.0,6420.05,602.0,3.0,13.0,0.3293037471426004,44.642857142857146
2022-03-07,35.0,20.0,27.5,-16.1,37.0,0.0,0.0,0.0,5.0,2.0,6324.333333,628.0,3.0,15.0,0.0,43.42857142857143
2022-03-08,39.0,28.0,33.5,-10.4,31.0,0.0,0.16,0.8,4.0,16.0,6123.066667,631.0,3.0,11.0,0.1484200051182733,41.857142857142854
2022-03-09,39.0,27.0,33.0,-11.3,32.0,0.0,0.07,0.6,3.0,30.0,6266.058824,539.0,3.0,12.0,0.06765864847381481,39.5
2022-03-10,32.0,20.0,26.0,-18.6,39.0,0.0,0.0,0.0,2.0,0.0,6066.222222,639.0,3.0,12.0,0.0,35.142857142857146
2022-03-11,44.0,20.0,32.0,-12.9,33.0,0.0,0.0,0.0,2.0,0.0,5998.0,624.0,3.0,24.0,0.0,32.142857142857146
2022-03-12,55.0,34.0,44.5,-0.6,20.0,0.0,0.0,0.0,1.0,6.0,5955.882353,579.0,3.0,21.0,0.0,32.57142857142857
2022-03-13,51.0,38.0,44.5,-0.9,20.0,0.0,0.1,0.0,0.0,7.0,6169.533333,586.0,3.0,13.0,0.09531017980432487,34.42857142857143
2022-03-14,54.0,33.0,43.5,-2.2,21.0,0.0,0.0,0.0,0.0,0.0,6200.466667,620.0,3.0,21.0,0.0,36.714285714285715
2022-03-15,63.0,36.0,49.5,3.6,15.0,0.0,0.01,0.0,0.0,0.0,6102.25,626.0,3.0,27.0,0.009950330853168083,39.0
2022-03-16,53.0,36.0,44.5,-1.7,20.0,0.0,1e-05,0.0,0.0,0.0,6064.736842,515.0,3.0,17.0,9.99995000033333e-06,40.642857142857146
2022-03-17,52.0,32.0,42.0,-4.4,23.0,0.0,0.0,0.0,0.0,2.0,6180.384615,558.0,3.0,20.0,0.0,42.92857142857143
2022-03-18,57.0,35.0,46.0,-0.6,19.0,0.0,0.0,0.0,0.0,6.0,5995.722222,628.0,3.0,22.0,0.0,44.92857142857143
2022-03-19,64.0,42.0,53.0,6.2,12.0,0.0,0.0,0.0,0.0,11.0,5937.277778,580.0,3.0,22.0,0.0,46.142857142857146
2022-03-20,56.0,34.0,45.0,-2.0,20.0,0.0,0.17,0.2,0.0,5.0,6092.833333,590.0,3.0,22.0,0.15700374880966478,46.214285714285715
2022-03-21,47.0,29.0,38.0,-9.2,27.0,0.0,0.0,0.0,0.0,6.0,6104.125,626.0,3.0,18.0,0.0,45.42857142857143
2022-03-22,54.0,31.0,42.5,-4.9,22.0,0.0,0.0,0.0,0.0,1.0,6072.733333,629.0,3.0,23.0,0.0,44.42857142857143
2022-03-23,60.0,34.0,47.0,-0.6,18.0,0.0,0.0,0.0,0.0,0.0,6182.947368,531.0,3.0,26.0,0.0,44.785714285714285
2022-03-24,69.0,40.0,54.5,6.7,10.0,0.0,0.0,0.0,0.0,1.0,6263.818182,634.0,3.0,29.0,0.0,46.57142857142857
2022-03-25,78.0,46.0,62.0,14.1,3.0,0.0,0.0,0.0,0.0,0.0,5891.285714,626.0,3.0,32.0,0.0,48.857142857142854
2022-03-26,79.0,55.0,67.0,18.9,0.0,2.0,0.0,0.0,0.0,0.0,5796.6875,580.0,3.0,24.0,0.0,50.857142857142854
2022-03-27,79.0,56.0,67.5,19.3,0.0,3.0,0.0,0.0,0.0,1.0,6048.692308,590.0,3.0,23.0,0.0,54.07142857142857
2022-03-28,69.0,55.0,62.0,13.6,3.0,0.0,0.0,0.0,0.0,2.0,6097.0,626.0,3.0,14.0,0.0,57.5
2022-03-29,61.0,47.0,54.0,5.5,11.0,0.0,1e-05,0.0,0.0,1.0,6271.916667,627.0,3.0,14.0,9.99995000033333e-06,59.142857142857146
2022-03-30,61.0,44.0,52.5,3.8,12.0,0.0,1e-05,0.0,0.0,0.0,6307.75,531.0,3.0,17.0,9.99995000033333e-06,59.92857142857143
2022-03-31,53.0,40.0,46.5,-2.3,18.0,0.0,0.01,0.0,0.0,2.0,6166.941176,636.0,3.0,13.0,0.009950330853168083,58.785714285714285
2022-04-01,58.0,35.0,46.5,-2.5,18.0,0.0,0.0,0.0,0.0,5.0,5971.052632,625.0,4.0,23.0,0.0,56.57142857142857
2022-04-02,67.0,42.0,54.5,5.4,10.0,0.0,0.0,0.0,0.0,21.0,5799.857143,580.0,4.0,25.0,0.0,54.785714285714285
2022-04-03,63.0,38.0,50.5,1.3,14.0,0.0,0.0,0.0,0.0,12.0,6119.1875,596.0,4.0,25.0,0.0,52.357142857142854
2022-04-04,63.0,41.0,52.0,2.6,13.0,0.0,1e-05,0.0,0.0,4.0,6276.333333,624.0,4.0,22.0,9.99995000033333e-06,50.92857142857143
2022-04-05,56.0,36.0,46.0,-3.5,19.0,0.0,0.09,0.1,0.0,5.0,6365.071429,625.0,4.0,20.0,0.08617769624105233,49.785714285714285
2022-04-06,49.0,30.0,39.5,-10.2,25.0,0.0,0.0,0.0,0.0,1.0,6222.416667,541.0,4.0,19.0,0.0,47.92857142857143
2022-04-07,62.0,34.0,48.0,-1.9,17.0,0.0,0.0,0.0,0.0,7.0,6322.5,634.0,4.0,28.0,0.0,48.142857142857146
2022-04-08,76.0,40.0,58.0,8.0,7.0,0.0,0.0,0.0,0.0,10.0,6095.866667,630.0,4.0,36.0,0.0,49.785714285714285
2022-04-09,68.0,37.0,52.5,2.3,12.0,0.0,0.0,0.0,0.0,5.0,5890.789474,591.0,4.0,31.0,0.0,49.5
2022-04-10,50.0,35.0,42.5,-7.9,22.0,0.0,0.0,0.0,0.0,7.0,6086.823529,600.0,4.0,15.0,0.0,48.357142857142854
2022-04-11,62.0,30.0,46.0,-4.6,19.0,0.0,0.35,1.0,1.0,8.0,6070.285714,626.0,4.0,32.0,0.3001045924503381,47.5
2022-04-12,39.0,31.0,35.0,-15.8,30.0,0.0,0.01,0.3,1.0,4.0,6033.1875,632.0,4.0,8.0,0.009950330853168083,45.92857142857143
2022-04-13,45.0,30.0,37.5,-13.5,27.0,0.0,1e-05,1e-05,0.0,3.0,5975.153846,548.0,4.0,15.0,9.99995000033333e-06,45.642857142857146
2022-04-14,60.0,36.0,48.0,-3.2,17.0,0.0,1e-05,0.0,0.0,3.0,5830.8125,562.0,4.0,24.0,9.99995000033333e-06,45.642857142857146
2022-04-15,58.0,41.0,49.5,-1.9,15.0,0.0,0.03,0.0,0.0,0.0,5793.0,576.0,4.0,17.0,0.0295588022415444,44.42857142857143
2022-04-16,59.0,38.0,48.5,-3.1,16.0,0.0,0.06,0.0,0.0,0.0,5628.647059,543.0,4.0,21.0,0.05826890812397577,43.857142857142854
2022-04-17,62.0,39.0,50.5,-1.4,14.0,0.0,1e-05,0.0,0.0,5.0,5821.444444,613.0,4.0,23.0,9.99995000033333e-06,45.0
2022-04-18,74.0,40.0,57.0,4.9,8.0,0.0,0.0,0.0,0.0,0.0,5807.8,637.0,4.0,34.0,0.0,46.57142857142857
2022-04-19,69.0,44.0,56.5,4.1,8.0,0.0,1e-05,0.0,0.0,0.0,5983.285714,636.0,4.0,25.0,9.99995000033333e-06,49.642857142857146
2022-04-20,68.0,41.0,54.5,1.8,10.0,0.0,0.0,0.0,0.0,0.0,5892.0,555.0,4.0,27.0,0.0,52.07142857142857
2022-04-21,77.0,52.0,64.5,11.6,0.0,0.0,0.0,0.0,0.0,0.0,5912.647059,565.0,4.0,25.0,0.0,54.42857142857143
2022-04-22,52.0,44.0,48.0,-5.2,17.0,0.0,0.16,0.0,0.0,4.0,5717.294118,645.0,4.0,8.0,0.1484200051182733,54.214285714285715
2022-04-23,55.0,39.0,47.0,-6.5,18.0,0.0,0.11,1e-05,0.0,1.0,5574.0,600.0,4.0,16.0,0.10436001532424277,54.0
2022-04-24,59.0,36.0,47.5,-6.3,17.0,0.0,0.0,0.0,0.0,1.0,5879.111111,614.0,4.0,23.0,0.0,53.57142857142857
2022-04-25,66.0,39.0,52.5,-1.7,12.0,0.0,0.0,0.0,0.0,1.0,6270.666667,634.0,4.0,27.0,0.0,52.92857142857143
2022-04-26,75.0,51.0,63.0,8.5,2.0,0.0,0.0,0.0,0.0,0.0,6346.833333,636.0,4.0,24.0,0.0,53.857142857142854
2022-04-27,75.0,49.0,62.0,7.2,3.0,0.0,0.0,0.0,0.0,2.0,6446.583333,558.0,4.0,26.0,0.0,54.92857142857143
2022-04-28,72.0,48.0,60.0,4.8,5.0,0.0,1e-05,0.0,0.0,0.0,6296.190476,640.0,4.0,24.0,9.99995000033333e-06,54.285714285714285
2022-04-29,59.0,44.0,51.5,-4.0,13.0,0.0,0.0,0.0,0.0,0.0,6001.166667,636.0,4.0,15.0,0.0,54.785714285714285
2022-04-30,68.0,40.0,54.0,-1.9,11.0,0.0,0.0,0.0,0.0,2.0,5873.117647,600.0,4.0,28.0,0.0,55.785714285714285
2022-05-01,56.0,48.0,52.0,-4.2,13.0,0.0,0.09,0.0,0.0,8.0,5900.294118,614.0,5.0,8.0,0.08617769624105233,56.42857142857143
2022-05-02,73.0,47.0,60.0,3.4,5.0,0.0,0.02,0.0,0.0,2.0,5922.304348,637.0,5.0,26.0,0.019802627296179712,57.5
2022-05-03,53.0,38.0,45.5,-11.4,19.0,0.0,0.3,1e-05,0.0,0.0,5747.85,638.0,5.0,15.0,0.262364264467491,55.0
2022-05-04,60.0,41.0,50.5,-6.8,14.0,0.0,0.06,0.0,0.0,3.0,5666.25,558.0,5.0,19.0,0.05826890812397577,53.357142857142854
2022-05-05,76.0,46.0,61.0,3.3,4.0,0.0,0.0,0.0,0.0,3.0,5570.923077,642.0,5.0,30.0,0.0,53.5
2022-05-06,79.0,56.0,67.5,9.5,0.0,3.0,1e-05,0.0,0.0,1.0,5500.538462,637.0,5.0,23.0,9.99995000033333e-06,55.785714285714285
2022-05-07,78.0,52.0,65.0,6.6,0.0,0.0,1e-05,0.0,0.0,6.0,5610.357143,597.0,5.0,26.0,9.99995000033333e-06,57.357142857142854
2022-05-08,65.0,40.0,52.5,-6.3,12.0,0.0,1e-05,0.0,0.0,6.0,5992.75,617.0,5.0,25.0,9.99995000033333e-06,57.42857142857143
2022-05-09,54.0,39.0,46.5,-12.6,18.0,0.0,0.02,0.0,0.0,2.0,6067.294118,646.0,5.0,15.0,0.019802627296179712,55.5
2022-05-10,61.0,35.0,48.0,-11.5,17.0,0.0,0.0,0.0,0.0,0.0,5998.333333,650.0,5.0,26.0,0.0,55.857142857142854
2022-05-11,70.0,39.0,54.5,-5.4,10.0,0.0,0.0,0.0,0.0,2.0,6145.136364,589.0,5.0,31.0,0.0,56.42857142857143
2022-05-12,62.0,40.0,51.0,-9.2,14.0,0.0,0.35,0.0,0.0,1.0,6097.684211,639.0,5.0,22.0,0.3001045924503381,55.0
2022-05-13,70.0,45.0,57.5,-3.1,7.0,0.0,0.0,0.0,0.0,16.0,5741.866667,645.0,5.0,25.0,0.0,53.57142857142857
2022-05-14,80.0,48.0,64.0,3.1,1.0,0.0,0.0,0.0,0.0,19.0,5575.0,611.0,5.0,32.0,0.0,53.42857142857143
2022-05-15,86.0,54.0,70.0,8.7,0.0,5.0,0.0,0.0,0.0,12.0,5747.75,630.0,5.0,32.0,0.0,55.92857142857143
2022-05-16,88.0,59.0,73.5,11.9,0.0,9.0,0.0,0.0,0.0,5.0,5705.25,643.0,5.0,29.0,0.0,59.785714285714285
2022-05-17,79.0,59.0,69.0,7.0,0.0,4.0,1e-05,0.0,0.0,7.0,5521.047619,648.0,5.0,20.0,9.99995000033333e-06,62.785714285714285
2022-05-18,83.0,55.0,69.0,6.7,0.0,4.0,0.0,0.0,0.0,0.0,5644.722222,587.0,5.0,28.0,0.0,64.85714285714286
2022-05-19,76.0,48.0,62.0,-0.6,3.0,0.0,1e-05,0.0,0.0,1.0,5487.916667,635.0,5.0,28.0,9.99995000033333e-06,66.42857142857143
2022-05-20,55.0,41.0,48.0,-15.0,17.0,0.0,1e-05,0.0,0.0,15.0,5270.714286,642.0,5.0,14.0,9.99995000033333e-06,65.07142857142857
2022-05-21,68.0,45.0,56.5,-6.8,8.0,0.0,0.0,0.0,0.0,30.0,5294.684211,609.0,5.0,23.0,0.0,64.0
2022-05-22,73.0,47.0,60.0,-3.6,5.0,0.0,1e-05,0.0,0.0,12.0,5570.125,628.0,5.0,26.0,9.99995000033333e-06,62.57142857142857
2022-05-23,66.0,42.0,54.0,-9.9,11.0,0.0,0.0,0.0,0.0,6.0,5667.0,643.0,5.0,24.0,0.0,59.785714285714285
2022-05-24,73.0,48.0,60.5,-3.8,4.0,0.0,0.0,0.0,0.0,16.0,5569.055556,649.0,5.0,25.0,0.0,58.57142857142857
2022-05-25,81.0,50.0,65.5,0.9,0.0,1.0,0.0,0.0,0.0,10.0,5540.888889,583.0,5.0,31.0,0.0,58.07142857142857
2022-05-26,94.0,60.0,77.0,12.1,0.0,12.0,0.0,0.0,0.0,13.0,5317.727273,625.0,5.0,34.0,0.0,60.214285714285715
2022-05-27,88.0,69.0,78.5,13.3,0.0,14.0,0.0,0.0,0.0,16.0,5300.866667,634.0,5.0,19.0,0.0,64.57142857142857
2022-05-28,74.0,56.0,65.0,-0.5,0.0,0.0,0.02,0.0,0.0,17.0,5231.733333,599.0,5.0,18.0,0.019802627296179712,65.78571428571429
2022-05-29,59.0,45.0,52.0,-13.8,13.0,0.0,0.44,0.0,0.0,15.0,5447.294118,618.0,5.0,14.0,0.3646431135879093,64.64285714285714
2022-05-30,56.0,44.0,50.0,-16.1,15.0,0.0,0.38,0.0,0.0,9.0,5516.705882,635.0,5.0,12.0,0.3220834991691133,64.07142857142857
2022-05-31,65.0,43.0,54.0,-12.4,11.0,0.0,1e-05,0.0,0.0,2.0,5485.470588,642.0,5.0,22.0,9.99995000033333e-06,63.142857142857146
2022-06-01,74.0,47.0,60.5,-6.2,4.0,0.0,0.0,0.0,0.0,14.0,5424.166667,581.0,6.0,27.0,0.0,62.42857142857143
2022-06-02,85.0,53.0,69.0,2.0,0.0,4.0,0.0,0.0,0.0,15.0,5373.789474,629.0,6.0,32.0,0.0,61.285714285714285
2022-06-03,88.0,60.0,74.0,6.7,0.0,9.0,0.0,0.0,0.0,13.0,5039.411765,635.0,6.0,28.0,0.0,60.642857142857146
2022-06-04,88.0,63.0,75.5,7.9,0.0,11.0,0.0,0.0,0.0,21.0,5000.066667,594.0,6.0,25.0,0.0,62.142857142857146
2022-06-05,80.0,61.0,70.5,2.6,0.0,6.0,1e-05,0.0,0.0,16.0,5257.6,610.0,6.0,19.0,9.99995000033333e-06,64.78571428571429
2022-06-06,80.0,60.0,70.0,1.8,0.0,5.0,0.01,0.0,0.0,4.0,5341.375,635.0,6.0,20.0,0.009950330853168083,67.64285714285714
2022-06-07,82.0,55.0,68.5,-0.1,0.0,4.0,0.0,0.0,0.0,1.0,5465.384615,642.0,6.0,27.0,0.0,69.71428571428571
2022-06-08,91.0,58.0,74.5,5.6,0.0,10.0,0.0,0.0,0.0,0.0,5318.071429,582.0,6.0,33.0,0.0,71.71428571428571
2022-06-09,91.0,62.0,76.5,7.3,0.0,12.0,0.0,0.0,0.0,4.0,5329.818182,627.0,6.0,29.0,0.0,72.78571428571429
2022-06-10,97.0,65.0,81.0,11.5,0.0,16.0,0.0,0.0,0.0,2.0,5156.2,631.0,6.0,32.0,0.0,73.78571428571429
2022-06-11,97.0,71.0,84.0,14.1,0.0,19.0,0.0,0.0,0.0,2.0,5151.85,589.0,6.0,26.0,0.0,75.0
2022-06-12,102.0,70.0,86.0,15.8,0.0,21.0,0.0,0.0,0.0,11.0,5477.0,608.0,6.0,32.0,0.0,77.21428571428571
2022-06-13,71.0,50.0,60.5,-10.1,4.0,0.0,0.34,0.0,0.0,4.0,5637.235294,634.0,6.0,21.0,0.29266961396282,75.85714285714286
2022-06-14,69.0,47.0,58.0,-12.9,7.0,0.0,0.0,0.0,0.0,6.0,5740.444444,638.0,6.0,22.0,0.0,74.35714285714286
2022-06-15,76.0,47.0,61.5,-9.8,3.0,0.0,0.0,0.0,0.0,1.0,5704.461538,548.0,6.0,29.0,0.0,72.5
2022-06-16,100.0,56.0,78.0,6.4,0.0,13.0,0.0,0.0,0.0,14.0,5616.538462,614.0,6.0,44.0,0.0,72.71428571428571
2022-06-17,101.0,73.0,87.0,15.0,0.0,22.0,0.0,0.0,0.0,15.0,5286.631579,631.0,6.0,28.0,0.0,73.57142857142857
2022-06-18,93.0,72.0,82.5,10.1,0.0,18.0,1e-05,0.0,0.0,30.0,5153.0,592.0,6.0,21.0,9.99995000033333e-06,73.35714285714286
2022-06-19,84.0,60.0,72.0,-0.7,0.0,7.0,0.0,0.0,0.0,49.0,5481.0,611.0,6.0,24.0,0.0,71.35714285714286
2022-06-20,72.0,50.0,61.0,-12.1,4.0,0.0,0.18,0.0,0.0,13.0,5494.142857,634.0,6.0,22.0,0.16551443847757338,71.42857142857143
2022-06-21,85.0,50.0,67.5,-6.0,0.0,3.0,0.0,0.0,0.0,4.0,5437.357143,636.0,6.0,35.0,0.0,72.78571428571429
2022-06-22,90.0,56.0,73.0,-0.9,0.0,8.0,0.0,0.0,0.0,10.0,5371.65,548.0,6.0,34.0,0.0,74.42857142857143
2022-06-23,92.0,72.0,82.0,7.7,0.0,17.0,0.01,0.0,0.0,7.0,5513.9,612.0,6.0,20.0,0.009950330853168083,75.0
2022-06-24,90.0,67.0,78.5,3.8,0.0,14.0,1e-05,0.0,0.0,17.0,5263.692308,632.0,6.0,23.0,9.99995000033333e-06,73.78571428571429
2022-06-25,90.0,61.0,75.5,0.5,0.0,11.0,0.0,0.0,0.0,43.0,5176.352941,592.0,6.0,29.0,0.0,72.78571428571429
2022-06-26,93.0,62.0,77.5,2.1,0.0,13.0,0.0,0.0,0.0,26.0,5363.461538,611.0,6.0,31.0,0.0,73.57142857142857
2022-06-27,98.0,69.0,83.5,7.7,0.0,19.0,0.0,0.0,0.0,20.0,5468.294118,634.0,6.0,29.0,0.0,76.78571428571429
2022-06-28,99.0,73.0,86.0,9.8,0.0,21.0,1e-05,0.0,0.0,8.0,5341.461538,636.0,6.0,26.0,9.99995000033333e-06,79.42857142857143
2022-06-29,94.0,75.0,84.5,7.9,0.0,20.0,1e-05,0.0,0.0,9.0,5323.636364,548.0,6.0,19.0,9.99995000033333e-06,81.07142857142857
2022-06-30,95.0,69.0,82.0,5.0,0.0,17.0,0.02,0.0,0.0,9.0,5461.933333,613.0,6.0,26.0,0.019802627296179712,81.07142857142857
2022-07-01,96.0,75.0,85.5,8.1,0.0,21.0,1e-05,0.0,0.0,6.0,5219.461538,634.0,7.0,21.0,9.99995000033333e-06,82.07142857142857
2022-07-02,101.0,75.0,88.0,10.3,0.0,23.0,0.0,0.0,0.0,6.0,5131.9375,594.0,7.0,26.0,0.0,83.85714285714286
2022-07-03,99.0,81.0,90.0,11.9,0.0,25.0,0.0,0.0,0.0,0.0,5444.2,612.0,7.0,18.0,0.0,85.64285714285714
2022-07-04,98.0,77.0,87.5,9.1,0.0,23.0,0.0,0.0,0.0,0.0,5491.526316,632.0,7.0,21.0,0.0,86.21428571428571
2022-07-05,97.0,76.0,86.5,7.7,0.0,22.0,0.0,0.0,0.0,2.0,5441.095238,632.0,7.0,21.0,0.0,86.28571428571429
2022-07-06,98.0,76.0,87.0,7.9,0.0,22.0,0.0,0.0,0.0,4.0,5513.666667,542.0,7.0,22.0,0.0,86.64285714285714
2022-07-07,99.0,75.0,87.0,7.5,0.0,22.0,0.0,0.0,0.0,1.0,5454.111111,609.0,7.0,24.0,0.0,87.35714285714286
2022-07-08,101.0,73.0,87.0,7.2,0.0,22.0,0.0,0.0,0.0,0.0,5140.4,633.0,7.0,28.0,0.0,87.57142857142857
2022-07-09,104.0,77.0,90.5,10.4,0.0,26.0,0.0,0.0,0.0,3.0,5096.952381,593.0,7.0,27.0,0.0,87.92857142857143
2022-07-10,100.0,71.0,85.5,5.1,0.0,21.0,0.0,0.0,0.0,2.0,5465.0,614.0,7.0,29.0,0.0,87.28571428571429
2022-07-11,97.0,68.0,82.5,1.9,0.0,18.0,0.0,0.0,0.0,4.0,5351.214286,628.0,7.0,29.0,0.0,86.57142857142857
2022-07-12,102.0,70.0,86.0,5.1,0.0,21.0,1e-05,0.0,0.0,1.0,5403.777778,636.0,7.0,32.0,9.99995000033333e-06,86.5
2022-07-13,102.0,75.0,88.5,7.4,0.0,24.0,0.03,0.0,0.0,0.0,5346.111111,534.0,7.0,27.0,0.0295588022415444,86.71428571428571
2022-07-14,101.0,76.0,88.5,7.1,0.0,24.0,1e-05,0.0,0.0,3.0,5195.153846,610.0,7.0,25.0,9.99995000033333e-06,86.92857142857143
2022-07-15,91.0,71.0,81.0,-0.6,0.0,16.0,0.09,0.0,0.0,2.0,5154.0625,636.0,7.0,20.0,0.08617769624105233,86.07142857142857
2022-07-16,101.0,72.0,86.5,4.7,0.0,22.0,0.0,0.0,0.0,4.0,5281.25,591.0,7.0,29.0,0.0,85.5
2022-07-17,107.0,76.0,91.5,9.5,0.0,27.0,1e-05,0.0,0.0,4.0,5813.764706,616.0,7.0,31.0,9.99995000033333e-06,86.35714285714286
2022-07-18,101.0,77.0,89.0,6.9,0.0,24.0,1e-05,0.0,0.0,5.0,5788.705882,630.0,7.0,24.0,9.99995000033333e-06,87.28571428571429
2022-07-19,96.0,77.0,86.5,4.2,0.0,22.0,0.0,0.0,0.0,6.0,5682.727273,640.0,7.0,19.0,0.0,87.35714285714286
2022-07-20,99.0,74.0,86.5,4.1,0.0,22.0,0.0,0.0,0.0,1.0,5603.823529,543.0,7.0,25.0,0.0,87.07142857142857
2022-07-21,102.0,74.0,88.0,5.5,0.0,23.0,0.0,0.0,0.0,2.0,5378.1875,611.0,7.0,28.0,0.0,87.0
2022-07-22,104.0,78.0,91.0,8.4,0.0,26.0,1e-05,0.0,0.0,0.0,5120.294118,638.0,7.0,26.0,9.99995000033333e-06,88.42857142857143
2022-07-23,102.0,77.0,89.5,6.9,0.0,25.0,0.0,0.0,0.0,9.0,4970.0,592.0,7.0,25.0,0.0,88.85714285714286
2022-07-24,93.0,77.0,85.0,2.3,0.0,20.0,0.0,0.0,0.0,15.0,5291.647059,616.0,7.0,16.0,0.0,87.92857142857143
2022-07-25,99.0,72.0,85.5,2.8,0.0,21.0,0.0,0.0,0.0,13.0,5300.166667,632.0,7.0,27.0,0.0,87.42857142857143
2022-07-26,100.0,75.0,87.5,4.8,0.0,23.0,0.0,0.0,0.0,8.0,5699.0,642.0,7.0,25.0,0.0,87.57142857142857
2022-07-27,101.0,74.0,87.5,4.8,0.0,23.0,0.0,0.0,0.0,0.0,5942.1875,528.0,7.0,27.0,0.0,87.71428571428571
2022-07-28,101.0,75.0,88.0,5.3,0.0,23.0,0.0,0.0,0.0,9.0,5917.055556,542.0,7.0,26.0,0.0,87.71428571428571
2022-07-29,99.0,77.0,88.0,5.4,0.0,23.0,1e-05,0.0,0.0,6.0,5353.636364,640.0,7.0,22.0,9.99995000033333e-06,87.28571428571429
2022-07-30,100.0,74.0,87.0,4.4,0.0,22.0,0.0,0.0,0.0,7.0,5100.411765,592.0,7.0,26.0,0.0,86.92857142857143
2022-07-31,101.0,77.0,89.0,6.5,0.0,24.0,0.0,0.0,0.0,18.0,4913.466667,616.0,7.0,24.0,0.0,87.5
2022-08-01,94.0,68.0,81.0,-1.4,0.0,16.0,0.41,0.0,0.0,7.0,5275.294118,628.0,8.0,26.0,0.3435897043900769,86.85714285714286
2022-08-02,88.0,69.0,78.5,-3.8,0.0,14.0,0.02,0.0,0.0,0.0,5399.833333,644.0,8.0,19.0,0.019802627296179712,85.57142857142857
2022-08-03,95.0,71.0,83.0,0.8,0.0,18.0,0.0,0.0,0.0,3.0,5838.416667,548.0,8.0,24.0,0.0,84.92857142857143
2022-08-04,99.0,76.0,87.5,5.5,0.0,23.0,0.0,0.0,0.0,11.0,6044.0,615.0,8.0,23.0,0.0,84.85714285714286
2022-08-05,93.0,76.0,84.5,2.6,0.0,20.0,0.09,0.0,0.0,22.0,5803.380952,645.0,8.0,17.0,0.08617769624105233,84.35714285714286
2022-08-06,81.0,67.0,74.0,-7.7,0.0,9.0,0.55,0.0,0.0,17.0,5799.692308,600.0,8.0,14.0,0.4382549309311553,82.5
2022-08-07,89.0,64.0,76.5,-5.0,0.0,12.0,0.0,0.0,0.0,7.0,5835.0,624.0,8.0,25.0,0.0,80.71428571428571
2022-08-08,95.0,65.0,80.0,-1.3,0.0,15.0,0.0,0.0,0.0,2.0,5955.272727,646.0,8.0,30.0,0.0,80.57142857142857
2022-08-09,99.0,68.0,83.5,2.4,0.0,19.0,0.0,0.0,0.0,1.0,6087.25,658.0,8.0,31.0,0.0,81.28571428571429
2022-08-10,96.0,74.0,85.0,4.1,0.0,20.0,1e-05,0.0,0.0,7.0,6450.15,604.0,8.0,22.0,9.99995000033333e-06,81.57142857142857
2022-08-11,91.0,71.0,81.0,0.3,0.0,16.0,0.01,0.0,0.0,9.0,7130.388889,630.0,8.0,20.0,0.009950330853168083,80.64285714285714
2022-08-12,95.0,73.0,84.0,3.5,0.0,19.0,1e-05,0.0,0.0,3.0,6503.0625,649.0,8.0,22.0,9.99995000033333e-06,80.57142857142857
2022-08-13,93.0,73.0,83.0,2.8,0.0,18.0,0.01,0.0,0.0,2.0,6328.375,601.0,8.0,20.0,0.009950330853168083,81.85714285714286
2022-08-14,89.0,68.0,78.5,-1.5,0.0,14.0,0.03,0.0,0.0,8.0,6109.764706,623.0,8.0,21.0,0.0295588022415444,82.14285714285714
2022-08-15,96.0,69.0,82.5,2.8,0.0,18.0,0.0,0.0,0.0,5.0,5538.571429,648.0,8.0,27.0,0.0,82.5
2022-08-16,100.0,73.0,86.5,7.1,0.0,22.0,0.0,0.0,0.0,0.0,5581.842105,662.0,8.0,27.0,0.0,82.92857142857143
2022-08-17,100.0,74.0,87.0,7.8,0.0,22.0,0.0,0.0,0.0,0.0,6381.928571,607.0,8.0,26.0,0.0,83.21428571428571
2022-08-18,101.0,75.0,88.0,9.1,0.0,23.0,0.0,0.0,0.0,3.0,6838.4375,629.0,8.0,26.0,0.0,84.21428571428571
2022-08-19,86.0,70.0,78.0,-0.6,0.0,13.0,0.01,0.0,0.0,1.0,6584.8,655.0,8.0,16.0,0.009950330853168083,83.35714285714286
2022-08-20,78.0,69.0,73.5,-4.8,0.0,9.0,1e-05,0.0,0.0,1.0,5920.333333,609.0,8.0,9.0,9.99995000033333e-06,82.0
2022-08-21,91.0,65.0,78.0,0.0,0.0,13.0,0.0,0.0,0.0,7.0,5662.105263,631.0,8.0,26.0,0.0,81.92857142857143
2022-08-22,95.0,69.0,82.0,4.3,0.0,17.0,0.0,0.0,0.0,7.0,5678.571429,647.0,8.0,26.0,0.0,81.85714285714286
2022-08-23,100.0,70.0,85.0,7.6,0.0,20.0,0.0,0.0,0.0,4.0,5937.272727,663.0,8.0,30.0,0.0,81.64285714285714
2022-08-24,98.0,74.0,86.0,8.9,0.0,21.0,1e-05,0.0,0.0,3.0,6441.315789,606.0,8.0,24.0,9.99995000033333e-06,81.5
2022-08-25,95.0,68.0,81.5,4.7,0.0,17.0,0.0,0.0,0.0,2.0,6694.416667,635.0,8.0,27.0,0.0,80.57142857142857
2022-08-26,96.0,72.0,84.0,7.5,0.0,19.0,0.0,0.0,0.0,0.0,6135.692308,655.0,8.0,24.0,0.0,81.42857142857143
2022-08-27,96.0,72.0,84.0,7.9,0.0,19.0,0.0,0.0,0.0,0.0,5979.294118,608.0,8.0,24.0,0.0,82.92857142857143
2022-08-28,92.0,66.0,79.0,3.2,0.0,14.0,0.0,0.0,0.0,1.0,6585.470588,633.0,8.0,26.0,0.0,83.07142857142857
2022-08-29,96.0,65.0,80.5,5.0,0.0,16.0,0.0,0.0,0.0,0.0,7071.777778,650.0,8.0,31.0,0.0,82.85714285714286
2022-08-30,101.0,68.0,84.5,9.4,0.0,20.0,0.0,0.0,0.0,2.0,7273.578947,662.0,8.0,33.0,0.0,82.78571428571429
2022-08-31,102.0,71.0,86.5,11.7,0.0,22.0,0.0,0.0,0.0,2.0,6764.466667,633.0,8.0,31.0,0.0,82.85714285714286
2022-09-01,102.0,72.0,87.0,12.6,0.0,22.0,0.0,0.0,0.0,2.0,7385.866667,589.0,9.0,30.0,0.0,83.64285714285714
2022-09-02,100.0,68.0,84.0,9.9,0.0,19.0,0.0,0.0,0.0,1.0,6829.5625,594.0,9.0,32.0,0.0,83.64285714285714
2022-09-03,103.0,68.0,85.5,11.8,0.0,21.0,0.0,0.0,0.0,0.0,7162.473684,549.0,9.0,35.0,0.0,83.85714285714286
2022-09-04,102.0,72.0,87.0,13.7,0.0,22.0,0.0,0.0,0.0,0.0,6819.785714,642.0,9.0,30.0,0.0,85.0
2022-09-05,104.0,71.0,87.5,14.6,0.0,23.0,0.0,0.0,0.0,1.0,6865.777778,633.0,9.0,33.0,0.0,86.0
2022-09-06,105.0,71.0,88.0,15.4,0.0,23.0,0.0,0.0,0.0,0.0,6843.538462,645.0,9.0,34.0,0.0,86.5
2022-09-07,107.0,74.0,90.5,18.3,0.0,26.0,0.0,0.0,0.0,1.0,7305.5,644.0,9.0,33.0,0.0,87.07142857142857
2022-09-08,98.0,75.0,86.5,14.7,0.0,22.0,0.0,0.0,0.0,0.0,7828.294118,644.0,9.0,23.0,0.0,87.0
2022-09-09,84.0,62.0,73.0,1.6,0.0,8.0,0.0,0.0,0.0,2.0,7323.133333,672.0,9.0,22.0,0.0,85.42857142857143
2022-09-10,85.0,56.0,70.5,-0.5,0.0,6.0,0.0,0.0,0.0,0.0,7066.923077,628.0,9.0,29.0,0.0,83.28571428571429
2022-09-11,90.0,59.0,74.5,3.9,0.0,10.0,0.0,0.0,0.0,1.0,7193.666667,644.0,9.0,31.0,0.0,81.5
2022-09-12,94.0,61.0,77.5,7.4,0.0,13.0,0.0,0.0,0.0,0.0,7872.076923,660.0,9.0,33.0,0.0,80.07142857142857
2022-09-13,80.0,63.0,71.5,1.8,0.0,7.0,0.06,0.0,0.0,0.0,7768.823529,673.0,9.0,17.0,0.05826890812397577,77.71428571428571
2022-09-14,72.0,62.0,67.0,-2.3,0.0,2.0,0.22,0.0,0.0,2.0,8219.529412,648.0,9.0,10.0,0.1988508587451652,74.35714285714286
2022-09-15,78.0,60.0,69.0,0.1,0.0,4.0,0.01,0.0,0.0,0.0,7771.0,658.0,9.0,18.0,0.009950330853168083,71.85714285714286
2022-09-16,75.0,58.0,66.5,-1.9,0.0,2.0,0.19,0.0,0.0,0.0,7546.466667,672.0,9.0,17.0,0.17395330712343804,70.92857142857143
2022-09-17,75.0,58.0,66.5,-1.5,0.0,2.0,1e-05,0.0,0.0,2.0,7319.769231,628.0,9.0,17.0,9.99995000033333e-06,70.35714285714286
2022-09-18,88.0,60.0,74.0,6.5,0.0,9.0,0.0,0.0,0.0,0.0,7678.166667,644.0,9.0,28.0,0.0,70.28571428571429
2022-09-19,89.0,61.0,75.0,7.9,0.0,10.0,0.0,0.0,0.0,1.0,7526.307692,660.0,9.0,28.0,0.0,69.92857142857143
2022-09-20,92.0,65.0,78.5,11.9,0.0,14.0,0.0,0.0,0.0,0.0,7601.722222,674.0,9.0,27.0,0.0,70.92857142857143
2022-09-21,84.0,66.0,75.0,8.9,0.0,10.0,0.09,0.0,0.0,0.0,7871.277778,648.0,9.0,18.0,0.08617769624105233,72.07142857142857
2022-09-22,74.0,57.0,65.5,-0.2,0.0,1.0,1e-05,0.0,0.0,0.0,7896.705882,656.0,9.0,17.0,9.99995000033333e-06,71.57142857142857
2022-09-23,75.0,52.0,63.5,-1.7,1.0,0.0,0.0,0.0,0.0,0.0,7347.25,670.0,9.0,23.0,0.0,71.14285714285714
2022-09-24,81.0,52.0,66.5,1.8,0.0,2.0,0.0,0.0,0.0,0.0,7129.769231,628.0,9.0,29.0,0.0,71.14285714285714
2022-09-25,82.0,53.0,67.5,3.3,0.0,3.0,0.0,0.0,0.0,0.0,7469.875,646.0,9.0,29.0,0.0,70.21428571428571
2022-09-26,85.0,58.0,71.5,7.7,0.0,7.0,0.0,0.0,0.0,0.0,7326.615385,660.0,9.0,27.0,0.0,69.71428571428571
2022-09-27,90.0,56.0,73.0,9.7,0.0,8.0,0.0,0.0,0.0,3.0,7569.857143,674.0,9.0,34.0,0.0,68.92857142857143
2022-09-28,84.0,63.0,73.5,10.7,0.0,9.0,0.14,0.0,0.0,14.0,7986.571429,648.0,9.0,21.0,0.13102826240640408,68.71428571428571
2022-09-29,86.0,63.0,74.5,12.2,0.0,10.0,0.05,0.0,0.0,14.0,7272.411765,658.0,9.0,23.0,0.048790164169432,70.0
2022-09-30,71.0,55.0,63.0,1.2,2.0,0.0,1e-05,0.0,0.0,9.0,7011.588235,670.0,9.0,16.0,9.99995000033333e-06,69.92857142857143
2022-10-01,72.0,52.0,62.0,0.6,3.0,0.0,0.02,0.0,0.0,9.0,7385.833333,618.0,10.0,20.0,0.019802627296179712,69.28571428571429
2022-10-02,74.0,53.0,63.5,2.6,1.0,0.0,0.0,0.0,0.0,7.0,7384.1,636.0,10.0,21.0,0.0,68.71428571428571
2022-10-03,78.0,53.0,65.5,5.1,0.0,1.0,0.0,0.0,0.0,0.0,7373.538462,660.0,10.0,25.0,0.0,67.85714285714286
2022-10-04,77.0,52.0,64.5,4.6,0.0,0.0,0.0,0.0,0.0,0.0,7144.944444,670.0,10.0,25.0,0.0,66.64285714285714
2022-10-05,79.0,53.0,66.0,6.5,0.0,1.0,0.0,0.0,0.0,1.0,7345.384615,632.0,10.0,26.0,0.0,65.57142857142857
2022-10-06,80.0,51.0,65.5,6.5,0.0,1.0,0.0,0.0,0.0,1.0,7743.142857,652.0,10.0,29.0,0.0,64.28571428571429
2022-10-07,80.0,54.0,67.0,8.5,0.0,2.0,0.0,0.0,0.0,0.0,6705.0,667.0,10.0,26.0,0.0,64.85714285714286
2022-10-08,81.0,54.0,67.5,9.5,0.0,3.0,0.0,0.0,0.0,0.0,6459.4,616.0,10.0,27.0,0.0,65.64285714285714
2022-10-09,81.0,53.0,67.0,9.4,0.0,2.0,0.0,0.0,0.0,2.0,6845.2,631.0,10.0,28.0,0.0,66.14285714285714
2022-10-10,80.0,53.0,66.5,9.4,0.0,2.0,0.0,0.0,0.0,3.0,7356.833333,660.0,10.0,27.0,0.0,66.28571428571429
2022-10-11,76.0,55.0,65.5,8.8,0.0,1.0,0.0,0.0,0.0,1.0,6932.571429,668.0,10.0,21.0,0.0,66.42857142857143
2022-10-12,75.0,50.0,62.5,6.3,2.0,0.0,0.0,0.0,0.0,0.0,7080.434783,630.0,10.0,25.0,0.0,65.92857142857143
2022-10-13,74.0,49.0,61.5,5.8,3.0,0.0,0.0,0.0,0.0,0.0,6951.277778,652.0,10.0,25.0,0.0,65.35714285714286
2022-10-14,76.0,49.0,62.5,7.2,2.0,0.0,0.0,0.0,0.0,0.0,6970.5,667.0,10.0,27.0,0.0,64.71428571428571
2022-10-15,74.0,47.0,60.5,5.6,4.0,0.0,0.0,0.0,0.0,0.0,6334.666667,614.0,10.0,27.0,0.0,63.714285714285715
2022-10-16,76.0,51.0,63.5,9.1,1.0,0.0,0.0,0.0,0.0,2.0,6617.111111,631.0,10.0,25.0,0.0,63.214285714285715
2022-10-17,75.0,46.0,60.5,6.5,4.0,0.0,0.0,0.0,0.0,0.0,6888.933333,666.0,10.0,29.0,0.0,62.357142857142854
2022-10-18,75.0,47.0,61.0,7.5,4.0,0.0,0.0,0.0,0.0,0.0,7145.111111,664.0,10.0,28.0,0.0,61.714285714285715
2022-10-19,75.0,49.0,62.0,8.9,3.0,0.0,0.0,0.0,0.0,0.0,7114.352941,624.0,10.0,26.0,0.0,61.642857142857146
2022-10-20,76.0,48.0,62.0,9.3,3.0,0.0,0.0,0.0,0.0,0.0,6937.722222,668.0,10.0,28.0,0.0,61.714285714285715
2022-10-21,77.0,50.0,63.5,11.2,1.0,0.0,0.0,0.0,0.0,0.0,6118.529412,659.0,10.0,27.0,0.0,61.857142857142854
2022-10-22,65.0,38.0,51.5,-0.4,13.0,0.0,0.65,0.0,0.0,1.0,6324.9,608.0,10.0,27.0,0.5007752879124893,60.57142857142857
2022-10-23,45.0,34.0,39.5,-11.9,25.0,0.0,0.12,1e-05,0.0,1.0,6802.052632,624.0,10.0,11.0,0.11332868530700317,57.142857142857146
2022-10-24,49.0,36.0,42.5,-8.5,22.0,0.0,0.0,0.0,0.0,2.0,7134.714286,654.0,10.0,13.0,0.0,54.57142857142857
2022-10-25,55.0,44.0,49.5,-1.1,15.0,0.0,1e-05,0.0,0.0,2.0,7225.153846,652.0,10.0,11.0,9.99995000033333e-06,52.92857142857143
2022-10-26,55.0,36.0,45.5,-4.7,19.0,0.0,0.02,0.0,0.0,0.0,7249.916667,621.0,10.0,19.0,0.019802627296179712,50.57142857142857
2022-10-27,47.0,35.0,41.0,-8.8,24.0,0.0,0.0,1e-05,0.0,0.0,6769.25,657.0,10.0,12.0,0.0,47.57142857142857
2022-10-28,57.0,32.0,44.5,-4.9,20.0,0.0,0.0,0.0,0.0,2.0,6384.583333,646.0,10.0,25.0,0.0,44.857142857142854
2022-10-29,56.0,36.0,46.0,-3.0,19.0,0.0,0.0,0.0,0.0,0.0,6342.166667,606.0,10.0,20.0,0.0,44.07142857142857
2022-10-30,58.0,35.0,46.5,-2.1,18.0,0.0,0.0,0.0,0.0,4.0,7114.0,620.0,10.0,23.0,0.0,45.07142857142857
2022-10-31,64.0,38.0,51.0,2.8,14.0,0.0,0.0,0.0,0.0,0.0,7096.263158,660.0,10.0,26.0,0.0,46.285714285714285
2022-11-01,67.0,48.0,57.5,9.7,7.0,0.0,0.0,0.0,0.0,0.0,7358.5625,668.0,11.0,19.0,0.0,47.42857142857143
2022-11-02,61.0,34.0,47.5,0.2,17.0,0.0,0.46,1e-05,0.0,0.0,7243.764706,560.0,11.0,27.0,0.3784364357202451,47.714285714285715
2022-11-03,45.0,32.0,38.5,-8.4,26.0,0.0,0.0,0.0,0.0,0.0,7101.0,569.0,11.0,13.0,0.0,47.357142857142854
2022-11-04,43.0,29.0,36.0,-10.5,29.0,0.0,0.0,0.0,0.0,4.0,7079.384615,665.0,11.0,14.0,0.0,46.142857142857146
2022-11-05,50.0,40.0,45.0,-1.1,20.0,0.0,0.18,0.0,0.0,7.0,7498.083333,597.0,11.0,10.0,0.16551443847757338,46.0
2022-11-06,50.0,40.0,45.0,-0.7,20.0,0.0,0.0,0.0,0.0,0.0,7004.75,608.0,11.0,10.0,0.0,45.785714285714285
2022-11-07,61.0,41.0,51.0,5.7,14.0,0.0,0.0,0.0,0.0,0.0,7485.611111,620.0,11.0,20.0,0.0,45.785714285714285
2022-11-08,58.0,39.0,48.5,3.6,16.0,0.0,0.73,1e-05,0.0,1.0,7627.928571,628.0,11.0,19.0,0.5481214085096876,44.5
2022-11-09,48.0,34.0,41.0,-3.5,24.0,0.0,0.36,1e-05,0.0,5.0,7618.0,583.0,11.0,14.0,0.3074846997479606,43.57142857142857
2022-11-10,39.0,29.0,34.0,-10.0,31.0,0.0,0.03,0.4,0.0,10.0,6869.529412,643.0,11.0,10.0,0.0295588022415444,42.92857142857143
2022-11-11,40.0,26.0,33.0,-10.6,32.0,0.0,0.0,0.0,0.0,1.0,6080.823529,656.0,11.0,14.0,0.0,42.5
2022-11-12,42.0,27.0,34.5,-8.7,30.0,0.0,0.0,0.0,0.0,0.0,6164.777778,622.0,11.0,15.0,0.0,41.0
2022-11-13,41.0,26.0,33.5,-9.3,31.0,0.0,0.0,0.0,0.0,0.0,6953.0,637.0,11.0,15.0,0.0,39.357142857142854
2022-11-14,39.0,26.0,32.5,-9.9,32.0,0.0,0.0,0.0,0.0,0.0,6069.352941,648.0,11.0,13.0,0.0,36.714285714285715
2022-11-15,39.0,24.0,31.5,-10.4,33.0,0.0,0.0,0.0,0.0,0.0,5960.866667,657.0,11.0,15.0,0.0,34.285714285714285
2022-11-16,41.0,24.0,32.5,-9.0,32.0,0.0,0.0,0.0,0.0,0.0,6076.153846,584.0,11.0,17.0,0.0,33.07142857142857
2022-11-17,46.0,25.0,35.5,-5.6,29.0,0.0,0.0,0.0,0.0,2.0,5841.0,646.0,11.0,21.0,0.0,33.285714285714285
2022-11-18,38.0,26.0,32.0,-8.7,33.0,0.0,0.0,1e-05,0.0,0.0,5523.0,657.0,11.0,12.0,0.0,33.142857142857146
2022-11-19,37.0,21.0,29.0,-11.2,36.0,0.0,0.0,0.0,0.0,1.0,5528.25,627.0,11.0,16.0,0.0,32.357142857142854
2022-11-20,40.0,21.0,30.5,-9.3,34.0,0.0,0.0,0.0,0.0,1.0,5929.388889,641.0,11.0,19.0,0.0,31.928571428571427
2022-11-21,42.0,22.0,32.0,-7.4,33.0,0.0,0.0,0.0,0.0,0.0,6241.235294,668.0,11.0,20.0,0.0,31.857142857142858
2022-11-22,45.0,24.0,34.5,-4.5,30.0,0.0,0.0,0.0,0.0,0.0,6009.153846,666.0,11.0,21.0,0.0,32.285714285714285
2022-11-23,45.0,28.0,36.5,-2.1,28.0,0.0,0.02,0.1,1e-05,0.0,5900.272727,586.0,11.0,17.0,0.019802627296179712,32.857142857142854
2022-11-24,43.0,26.0,34.5,-3.7,30.0,0.0,0.0,0.0,0.0,0.0,5560.285714,661.0,11.0,17.0,0.0,32.714285714285715
2022-11-25,47.0,26.0,36.5,-1.3,28.0,0.0,0.0,0.0,0.0,0.0,5514.307692,667.0,11.0,21.0,0.0,33.357142857142854
2022-11-26,40.0,27.0,33.5,-3.9,31.0,0.0,1e-05,1e-05,0.0,0.0,5417.85,624.0,11.0,13.0,9.99995000033333e-06,34.0
2022-11-27,45.0,32.0,38.5,1.5,26.0,0.0,0.0,0.0,0.0,0.0,5755.333333,641.0,11.0,13.0,0.0,35.142857142857146
2022-11-28,45.0,27.0,36.0,-0.6,29.0,0.0,0.06,1.8,2.0,0.0,6011.647059,668.0,11.0,18.0,0.05826890812397577,35.714285714285715
2022-11-29,33.0,23.0,28.0,-8.2,37.0,0.0,0.06,0.8,2.0,9.0,6072.111111,666.0,11.0,10.0,0.05826890812397577,34.785714285714285
2022-11-30,47.0,26.0,36.5,0.6,28.0,0.0,0.0,0.0,2.0,7.0,6008.619048,589.0,11.0,21.0,0.0,34.785714285714285
2022-12-01,52.0,41.0,46.5,11.0,18.0,0.0,0.0,0.0,1e-05,7.0,5824.333333,657.0,12.0,11.0,0.0,36.5
2022-12-02,50.0,21.0,35.5,0.3,29.0,0.0,0.21,4.2,3.0,0.0,5274.166667,662.0,12.0,29.0,0.19062035960864973,36.357142857142854
2022-12-03,32.0,20.0,26.0,-8.8,39.0,0.0,0.0,0.0,3.0,2.0,5079.230769,618.0,12.0,12.0,0.0,35.285714285714285
2022-12-04,38.0,28.0,33.0,-1.5,32.0,0.0,0.01,1e-05,2.0,2.0,5552.538462,639.0,12.0,10.0,0.009950330853168083,34.5
2022-12-05,39.0,28.0,33.5,-0.7,31.0,0.0,0.05,0.9,2.0,0.0,5294.5,665.0,12.0,11.0,0.048790164169432,34.142857142857146
2022-12-06,37.0,24.0,30.5,-3.4,34.0,0.0,0.0,0.0,1.0,3.0,5482.727273,658.0,12.0,13.0,0.0,34.5
2022-12-07,32.0,29.0,30.5,-3.1,34.0,0.0,0.11,1.4,2.0,4.0,5543.9375,586.0,12.0,3.0,0.10436001532424277,33.642857142857146
2022-12-08,41.0,28.0,34.5,1.2,30.0,0.0,0.01,0.1,2.0,4.0,5536.052632,671.0,12.0,13.0,0.009950330853168083,31.928571428571427
2022-12-09,39.0,30.0,34.5,1.4,30.0,0.0,1e-05,1e-05,1.0,0.0,5506.0,662.0,12.0,9.0,9.99995000033333e-06,31.785714285714285
2022-12-10,48.0,32.0,40.0,7.2,25.0,0.0,0.0,0.0,1e-05,2.0,5405.933333,631.0,12.0,16.0,0.0,33.785714285714285
2022-12-11,52.0,34.0,43.0,10.4,22.0,0.0,0.42,0.3,0.0,26.0,5688.176471,641.0,12.0,18.0,0.3506568716131694,35.214285714285715
2022-12-12,38.0,31.0,34.5,2.1,30.0,0.0,0.12,2.4,2.0,6.0,5619.6,666.0,12.0,7.0,0.11332868530700317,35.357142857142854
2022-12-13,33.0,28.0,30.5,-1.7,34.0,0.0,0.31,6.9,3.0,19.0,5549.692308,662.0,12.0,5.0,0.27002713721306015,35.357142857142854
2022-12-14,36.0,27.0,31.5,-0.5,33.0,0.0,0.16,2.7,6.0,3.0,5573.071429,586.0,12.0,9.0,0.1484200051182733,35.5
2022-12-15,32.0,21.0,26.5,-5.3,38.0,0.0,0.11,1.9,7.0,1.0,5435.076923,670.0,12.0,11.0,0.10436001532424277,34.357142857142854
2022-12-16,31.0,15.0,23.0,-8.6,42.0,0.0,0.0,0.0,6.0,2.0,5236.4,659.0,12.0,16.0,0.0,32.714285714285715
2022-12-17,29.0,14.0,21.5,-10.0,43.0,0.0,0.0,0.0,5.0,0.0,5143.529412,629.0,12.0,15.0,0.0,30.071428571428573
2022-12-18,29.0,12.0,20.5,-10.8,44.0,0.0,0.0,0.0,4.0,0.0,5325.8,639.0,12.0,17.0,0.0,26.857142857142858
2022-12-19,33.0,14.0,23.5,-7.7,41.0,0.0,0.0,0.0,4.0,1.0,5438.714286,661.0,12.0,19.0,0.0,25.285714285714285
2022-12-20,34.0,21.0,27.5,-3.6,37.0,0.0,0.0,0.0,4.0,9.0,5462.555556,662.0,12.0,13.0,0.0,24.857142857142858
2022-12-21,44.0,29.0,36.5,5.5,28.0,0.0,0.05,0.6,3.0,23.0,5470.947368,583.0,12.0,15.0,0.048790164169432,25.571428571428573
2022-12-22,33.0,17.0,25.0,-5.9,40.0,0.0,0.01,0.1,3.0,54.0,5432.421053,666.0,12.0,16.0,0.009950330853168083,25.357142857142858
2022-12-23,31.0,21.0,26.0,-4.8,39.0,0.0,1e-05,1e-05,2.0,70.0,5206.058824,655.0,12.0,10.0,9.99995000033333e-06,25.785714285714285
2022-12-24,39.0,29.0,34.0,3.2,31.0,0.0,0.01,0.1,2.0,97.0,5239.083333,627.0,12.0,10.0,0.009950330853168083,27.571428571428573
2022-12-25,43.0,29.0,36.0,5.3,29.0,0.0,0.0,0.0,2.0,94.0,5677.05,639.0,12.0,14.0,0.0,29.785714285714285
2022-12-26,48.0,34.0,41.0,10.3,24.0,0.0,0.0,0.0,2.0,92.0,5538.6875,663.0,12.0,14.0,0.0,32.285714285714285
2022-12-27,55.0,32.0,43.5,12.9,21.0,0.0,0.16,0.0,1e-05,64.0,5526.352941,664.0,12.0,23.0,0.1484200051182733,34.57142857142857
2022-12-28,40.0,34.0,37.0,6.4,28.0,0.0,0.34,1.0,1e-05,59.0,5668.375,560.0,12.0,6.0,0.29266961396282,34.642857142857146
2022-12-29,40.0,32.0,36.0,5.4,29.0,0.0,1e-05,1e-05,0.0,49.0,5621.6875,596.0,12.0,8.0,9.99995000033333e-06,36.214285714285715
2022-12-30,43.0,35.0,39.0,8.4,26.0,0.0,0.06,0.0,0.0,1.0,5463.076923,577.0,12.0,8.0,0.05826890812397577,38.07142857142857
2022-12-31,47.0,37.0,42.0,11.4,23.0,0.0,0.25,0.0,0.0,6.0,5263.157895,547.0,12.0,10.0,0.22314355131420976,39.214285714285715
2023-01-01,36.0,32.0,34.0,3.4,31.0,0.0,0.89,4.7,1.0,8.0,5837.210526,513.0,1.0,4.0,0.636576829071551,38.92857142857143
2023-01-02,32.0,30.0,31.0,0.4,34.0,0.0,0.02,0.4,5.0,28.0,6217.615385,679.0,1.0,2.0,0.019802627296179712,37.5
2023-01-03,37.0,30.0,33.5,2.9,31.0,0.0,0.01,0.9,1e-05,15.0,6514.666667,678.0,1.0,7.0,0.009950330853168083,36.07142857142857
2023-01-04,40.0,30.0,35.0,4.4,30.0,0.0,0.0,0.0,4.0,12.0,6408.823529,616.0,1.0,10.0,0.0,35.785714285714285
2023-01-05,45.0,35.0,40.0,9.3,25.0,0.0,0.01,0.0,3.0,4.0,6189.4,607.0,1.0,10.0,0.009950330853168083,36.357142857142854
2023-01-06,44.0,37.0,40.5,9.8,24.0,0.0,0.14,0.0,1.0,30.0,6218.75,621.0,1.0,7.0,0.13102826240640408,36.57142857142857
2023-01-07,45.0,33.0,39.0,8.3,26.0,0.0,0.0,0.0,0.0,4.0,5992.142857,622.0,1.0,12.0,0.0,36.142857142857146
2023-01-08,49.0,33.0,41.0,10.2,24.0,0.0,0.0,0.0,0.0,6.0,5893.705882,509.0,1.0,16.0,0.0,37.142857142857146
2023-01-09,45.0,32.0,38.5,7.7,26.0,0.0,0.09,0.0,0.0,4.0,6128.705882,625.0,1.0,13.0,0.08617769624105233,38.214285714285715
2023-01-10,51.0,34.0,42.5,11.6,22.0,0.0,0.77,0.6,0.0,3.0,6241.8125,625.0,1.0,17.0,0.5709795465857378,39.5
2023-01-11,47.0,34.0,40.5,9.6,24.0,0.0,0.06,1e-05,1.0,14.0,6286.176471,592.0,1.0,13.0,0.05826890812397577,40.285714285714285
2023-01-12,48.0,33.0,40.5,9.5,24.0,0.0,0.0,0.0,0.0,1.0,6273.4,605.0,1.0,15.0,0.0,40.357142857142854
2023-01-13,49.0,32.0,40.5,9.5,24.0,0.0,0.0,0.0,0.0,1.0,6202.545455,624.0,1.0,17.0,0.0,40.357142857142854
2023-01-14,53.0,34.0,43.5,12.4,21.0,0.0,0.0,0.0,0.0,0.0,5895.4375,632.0,1.0,19.0,0.0,41.0
2023-01-15,43.0,35.0,39.0,7.8,26.0,0.0,0.27,0.1,0.0,3.0,5814.15,477.0,1.0,8.0,0.23901690047049992,40.714285714285715
2023-01-16,41.0,35.0,38.0,6.8,27.0,0.0,0.05,1e-05,0.0,4.0,6038.571429,505.0,1.0,6.0,0.048790164169432,40.642857142857146
2023-01-17,37.0,32.0,34.5,3.2,30.0,0.0,0.16,1e-05,1e-05,15.0,6318.722222,641.0,1.0,5.0,0.1484200051182733,39.5
2023-01-18,37.0,28.0,32.5,1.1,32.0,0.0,1e-05,1e-05,1e-05,17.0,6475.333333,603.0,1.0,9.0,9.99995000033333e-06,38.357142857142854
2023-01-19,33.0,28.0,30.5,-1.0,34.0,0.0,0.01,0.1,0.0,0.0,6402.615385,616.0,1.0,5.0,0.009950330853168083,36.92857142857143
2023-01-20,37.0,27.0,32.0,0.5,33.0,0.0,0.0,0.0,0.0,1.0,6411.833333,644.0,1.0,10.0,0.0,35.714285714285715
2023-01-21,33.0,23.0,28.0,-3.6,37.0,0.0,0.0,0.0,0.0,1.0,6246.3,644.0,1.0,10.0,0.0,33.5
2023-01-22,28.0,21.0,24.5,-7.2,40.0,0.0,0.07,1.0,0.0,3.0,6198.210526,517.0,1.0,7.0,0.06765864847381481,31.428571428571427
2023-01-23,35.0,20.0,27.5,-4.3,37.0,0.0,1e-05,1e-05,1e-05,1.0,6453.894737,637.0,1.0,15.0,9.99995000033333e-06,29.928571428571427
2023-01-24,33.0,22.0,27.5,-4.4,37.0,0.0,0.05,0.9,1e-05,1.0,6516.1,643.0,1.0,11.0,0.048790164169432,28.928571428571427
2023-01-25,32.0,20.0,26.0,-6.0,39.0,0.0,0.02,0.3,1.0,5.0,6505.0625,604.0,1.0,12.0,0.019802627296179712,28.0
2023-01-26,34.0,21.0,27.5,-4.7,37.0,0.0,0.01,0.3,1e-05,4.0,6499.5,617.0,1.0,13.0,0.009950330853168083,27.571428571428573
2023-01-27,40.0,31.0,35.5,3.2,29.0,0.0,0.02,0.2,1e-05,0.0,6250.933333,642.0,1.0,9.0,0.019802627296179712,28.071428571428573
2023-01-28,43.0,34.0,38.5,6.1,26.0,0.0,1e-05,1e-05,0.0,1.0,6049.9375,644.0,1.0,9.0,9.99995000033333e-06,29.571428571428573
2023-01-29,36.0,14.0,25.0,-7.6,40.0,0.0,0.06,0.6,0.0,6.0,6176.266667,517.0,1.0,22.0,0.05826890812397577,29.642857142857142
2023-01-30,20.0,9.0,14.5,-18.2,50.0,0.0,0.0,0.0,1e-05,20.0,6616.230769,639.0,1.0,11.0,0.0,27.785714285714285
2023-01-31,25.0,10.0,17.5,-15.4,47.0,0.0,0.0,0.0,1e-05,19.0,6658.0,641.0,1.0,15.0,0.0,26.357142857142858
2023-02-01,32.0,17.0,24.5,-8.5,40.0,0.0,0.0,0.0,0.0,28.0,6581.461538,594.0,2.0,15.0,0.0,26.142857142857142
2023-02-02,37.0,19.0,28.0,-5.2,37.0,0.0,0.0,0.0,0.0,7.0,6417.055556,605.0,2.0,18.0,0.0,26.214285714285715
2023-02-03,37.0,21.0,29.0,-4.4,36.0,0.0,0.0,0.0,0.0,0.0,6167.857143,630.0,2.0,16.0,0.0,25.285714285714285
2023-02-04,42.0,23.0,32.5,-1.1,32.0,0.0,0.0,0.0,0.0,2.0,5971.666667,630.0,2.0,19.0,0.0,24.428571428571427
2023-02-05,37.0,28.0,32.5,-1.3,32.0,0.0,0.06,1.6,0.0,1.0,5886.526316,510.0,2.0,9.0,0.05826890812397577,25.5
2023-02-06,38.0,28.0,33.0,-1.0,32.0,0.0,0.02,0.8,1.0,2.0,6193.888889,629.0,2.0,10.0,0.019802627296179712,28.142857142857142
2023-02-07,42.0,25.0,33.5,-0.8,31.0,0.0,0.0,0.0,0.0,0.0,6384.571429,629.0,2.0,17.0,0.0,30.428571428571427
2023-02-08,44.0,27.0,35.5,1.0,29.0,0.0,1e-05,1e-05,0.0,0.0,6302.666667,590.0,2.0,17.0,9.99995000033333e-06,32.0
2023-02-09,38.0,23.0,30.5,-4.3,34.0,0.0,0.0,0.0,0.0,2.0,6480.052632,605.0,2.0,15.0,0.0,32.357142857142854
2023-02-10,43.0,24.0,33.5,-1.5,31.0,0.0,0.0,0.0,0.0,1.0,6490.052632,631.0,2.0,19.0,0.0,33.0
2023-02-11,40.0,23.0,31.5,-3.8,33.0,0.0,0.0,0.0,0.0,1.0,6022.111111,630.0,2.0,17.0,0.0,32.857142857142854
2023-02-12,42.0,26.0,34.0,-1.6,31.0,0.0,0.0,0.0,0.0,0.0,5908.117647,486.0,2.0,16.0,0.0,33.07142857142857
2023-02-13,45.0,24.0,34.5,-1.4,30.0,0.0,0.0,0.0,0.0,0.0,6068.933333,524.0,2.0,21.0,0.0,33.285714285714285
2023-02-14,34.0,24.0,29.0,-7.2,36.0,0.0,0.03,0.5,0.0,3.0,6272.3,629.0,2.0,10.0,0.0295588022415444,32.642857142857146
2023-02-15,33.0,21.0,27.0,-9.5,38.0,0.0,0.0,0.0,0.0,7.0,6534.466667,594.0,2.0,12.0,0.0,31.428571428571427
2023-02-16,37.0,18.0,27.5,-9.4,37.0,0.0,0.0,0.0,0.0,7.0,6531.785714,609.0,2.0,19.0,0.0,31.0
2023-02-17,41.0,21.0,31.0,-6.2,34.0,0.0,0.0,0.0,0.0,0.0,6442.363636,640.0,2.0,20.0,0.0,30.642857142857142
2023-02-18,41.0,22.0,31.5,-6.0,33.0,0.0,1e-05,1e-05,0.0,2.0,6151.461538,636.0,2.0,19.0,9.99995000033333e-06,30.642857142857142
2023-02-19,47.0,31.0,39.0,1.1,26.0,0.0,0.01,0.1,1e-05,2.0,6020.866667,497.0,2.0,16.0,0.009950330853168083,31.357142857142858
2023-02-20,49.0,37.0,43.0,4.8,22.0,0.0,0.0,0.0,0.0,1.0,6069.466667,529.0,2.0,12.0,0.0,32.57142857142857
2023-02-21,47.0,30.0,38.5,-0.1,26.0,0.0,0.41,5.8,0.0,77.0,6285.705882,633.0,2.0,17.0,0.3435897043900769,33.92857142857143
2023-02-22,31.0,20.0,25.5,-13.5,39.0,0.0,0.77,11.5,8.0,95.0,6403.1,610.0,2.0,11.0,0.5709795465857378,33.714285714285715
2023-02-23,33.0,19.0,26.0,-13.3,39.0,0.0,0.01,0.3,9.0,30.0,6595.4,622.0,2.0,14.0,0.009950330853168083,33.5
2023-02-24,40.0,24.0,32.0,-7.7,33.0,0.0,1e-05,1e-05,7.0,20.0,6541.666667,638.0,2.0,16.0,9.99995000033333e-06,33.642857142857146
2023-02-25,45.0,30.0,37.5,-2.6,27.0,0.0,0.0,0.0,5.0,18.0,6155.222222,635.0,2.0,15.0,0.0,34.5
2023-02-26,44.0,28.0,36.0,-4.4,29.0,0.0,0.0,0.0,4.0,11.0,5988.533333,528.0,2.0,16.0,0.0,34.07142857142857
2023-02-27,45.0,35.0,40.0,-0.8,25.0,0.0,0.0,0.0,1.0,7.0,6144.777778,637.0,2.0,10.0,0.0,33.642857142857146
2023-02-28,41.0,26.0,33.5,-7.7,31.0,0.0,0.04,1.0,1.0,5.0,6237.615385,633.0,2.0,15.0,0.039220713153281295,32.92857142857143
2023-03-01,40.0,31.0,35.5,-6.0,29.0,0.0,0.02,0.2,1e-05,4.0,6292.7,604.0,3.0,9.0,0.019802627296179712,34.357142857142854
2023-03-02,39.0,27.0,33.0,-8.9,32.0,0.0,0.0,0.0,0.0,5.0,6341.473684,615.0,3.0,12.0,0.0,35.357142857142854
2023-03-03,41.0,31.0,36.0,-6.3,29.0,0.0,1e-05,1e-05,0.0,5.0,6409.833333,636.0,3.0,10.0,9.99995000033333e-06,35.92857142857143
2023-03-04,45.0,29.0,37.0,-5.6,28.0,0.0,0.01,0.1,0.0,8.0,5958.384615,632.0,3.0,16.0,0.009950330853168083,35.857142857142854
2023-03-05,44.0,31.0,37.5,-5.4,27.0,0.0,0.13,1.1,1.0,7.0,5925.263158,520.0,3.0,13.0,0.12221763272424921,36.07142857142857
2023-03-06,39.0,29.0,34.0,-9.3,31.0,0.0,0.08,1.8,3.0,2.0,6210.571429,632.0,3.0,10.0,0.07696104113612832,35.214285714285715
2023-03-07,41.0,28.0,34.5,-9.1,30.0,0.0,0.0,0.0,0.0,0.0,6176.9,640.0,3.0,13.0,0.0,35.357142857142854
2023-03-08,42.0,28.0,35.0,-8.9,30.0,0.0,0.1,2.0,0.0,0.0,6212.25,601.0,3.0,14.0,0.09531017980432487,35.285714285714285
2023-03-09,50.0,28.0,39.0,-5.3,26.0,0.0,0.02,0.5,2.0,3.0,6220.933333,615.0,3.0,22.0,0.019802627296179712,36.142857142857146
2023-03-10,57.0,38.0,47.5,2.9,17.0,0.0,0.26,0.0,0.0,8.0,6099.466667,638.0,3.0,19.0,0.23111172096338664,37.785714285714285
2023-03-11,48.0,31.0,39.5,-5.4,25.0,0.0,0.0,0.0,0.0,5.0,5790.25,638.0,3.0,17.0,0.0,38.142857142857146
2023-03-12,50.0,35.0,42.5,-2.6,22.0,0.0,0.04,1e-05,0.0,7.0,5591.75,583.0,3.0,15.0,0.039220713153281295,38.857142857142854
2023-03-13,58.0,37.0,47.5,2.1,17.0,0.0,1e-05,0.0,0.0,3.0,5849.875,637.0,3.0,21.0,9.99995000033333e-06,40.785714285714285
2023-03-14,61.0,42.0,51.5,5.8,13.0,0.0,1e-05,0.0,0.0,6.0,5728.6,644.0,3.0,19.0,9.99995000033333e-06,43.214285714285715
2023-03-15,53.0,30.0,41.5,-4.4,23.0,0.0,0.26,0.0,0.0,1.0,5677.9375,605.0,3.0,23.0,0.23111172096338664,44.142857142857146
2023-03-16,46.0,30.0,38.0,-8.2,27.0,0.0,0.0,0.0,0.0,5.0,5922.117647,615.0,3.0,16.0,0.0,44.0
2023-03-17,47.0,27.0,37.0,-9.4,28.0,0.0,0.0,0.0,0.0,4.0,5979.470588,643.0,3.0,20.0,0.0,42.5
2023-03-18,52.0,29.0,40.5,-6.1,24.0,0.0,0.0,0.0,0.0,0.0,5673.875,644.0,3.0,23.0,0.0,42.642857142857146
2023-03-19,56.0,36.0,46.0,-0.8,19.0,0.0,1e-05,0.0,0.0,4.0,5570.473684,589.0,3.0,20.0,9.99995000033333e-06,43.142857142857146
2023-03-20,52.0,35.0,43.5,-3.5,21.0,0.0,0.24,0.2,0.0,9.0,5792.875,640.0,3.0,17.0,0.2151113796169455,42.57142857142857
2023-03-21,50.0,34.0,42.0,-5.2,23.0,0.0,0.05,0.0,0.0,3.0,5857.818182,642.0,3.0,16.0,0.048790164169432,41.214285714285715
2023-03-22,46.0,35.0,40.5,-6.9,24.0,0.0,0.17,1e-05,0.0,2.0,5838.4,606.0,3.0,11.0,0.15700374880966478,41.07142857142857
2023-03-23,45.0,38.0,41.5,-6.1,23.0,0.0,0.04,1e-05,0.0,2.0,5871.684211,616.0,3.0,7.0,0.039220713153281295,41.57142857142857
2023-03-24,39.0,30.0,34.5,-13.3,30.0,0.0,0.27,3.2,0.0,6.0,5998.615385,642.0,3.0,9.0,0.23901690047049992,41.214285714285715
2023-03-25,38.0,27.0,32.5,-15.4,32.0,0.0,1e-05,1e-05,1.0,13.0,5799.769231,645.0,3.0,11.0,9.99995000033333e-06,40.07142857142857
2023-03-26,35.0,25.0,30.0,-18.1,35.0,0.0,0.2,2.8,0.0,38.0,5790.0,585.0,3.0,10.0,0.18232155679395465,37.785714285714285
2023-03-27,40.0,27.0,33.5,-14.7,31.0,0.0,0.06,1.4,1.0,22.0,6055.588235,640.0,3.0,13.0,0.05826890812397577,36.357142857142854
2023-03-28,57.0,31.0,44.0,-4.4,21.0,0.0,0.0,0.0,0.0,7.0,6064.583333,640.0,3.0,26.0,0.0,36.642857142857146
2023-03-29,63.0,34.0,48.5,0.0,16.0,0.0,0.44,0.8,0.0,13.0,5853.538462,600.0,3.0,29.0,0.3646431135879093,37.785714285714285
2023-03-30,42.0,34.0,38.0,-10.7,27.0,0.0,0.15,0.7,1.0,14.0,5785.727273,612.0,3.0,8.0,0.1397619423751587,37.285714285714285
2023-03-31,47.0,34.0,40.5,-8.3,24.0,0.0,0.07,0.3,1.0,22.0,5817.384615,640.0,3.0,13.0,0.06765864847381481,38.142857142857146
2023-04-01,61.0,37.0,49.0,0.0,16.0,0.0,0.0,0.0,0.0,39.0,5484.894737,642.0,4.0,24.0,0.0,40.5
2023-04-02,50.0,34.0,42.0,-7.1,23.0,0.0,0.09,0.5,0.0,30.0,5291.166667,583.0,4.0,16.0,0.08617769624105233,42.214285714285715
2023-04-03,37.0,30.0,33.5,-15.7,31.0,0.0,0.55,5.5,4.0,10.0,5822.266667,636.0,4.0,7.0,0.4382549309311553,42.214285714285715
2023-04-04,33.0,28.0,30.5,-18.9,34.0,0.0,0.5,8.5,4.0,12.0,6019.944444,638.0,4.0,5.0,0.4054651081081644,40.285714285714285
2023-04-05,41.0,29.0,35.0,-14.5,30.0,0.0,0.01,0.3,9.0,25.0,5933.647059,611.0,4.0,12.0,0.009950330853168083,38.357142857142854
2023-04-06,49.0,27.0,38.0,-11.7,27.0,0.0,0.0,0.0,4.0,15.0,5998.470588,622.0,4.0,22.0,0.0,38.357142857142854
2023-04-07,59.0,32.0,45.5,-4.4,19.0,0.0,0.0,0.0,0.0,14.0,5810.9375,644.0,4.0,27.0,0.0,39.07142857142857
2023-04-08,64.0,44.0,54.0,4.0,11.0,0.0,0.0,0.0,0.0,7.0,5373.0625,646.0,4.0,20.0,0.0,39.785714285714285
2023-04-09,68.0,43.0,55.5,5.3,9.0,0.0,0.0,0.0,0.0,15.0,5197.894737,569.0,4.0,25.0,0.0,41.714285714285715
2023-04-10,77.0,46.0,61.5,11.1,3.0,0.0,0.0,0.0,0.0,0.0,5442.45,641.0,4.0,31.0,0.0,45.714285714285715
2023-04-11,83.0,56.0,69.5,18.9,0.0,5.0,0.0,0.0,0.0,0.0,5484.6875,643.0,4.0,27.0,0.0,51.285714285714285
2023-04-12,78.0,53.0,65.5,14.7,0.0,1.0,0.0,0.0,0.0,2.0,5541.769231,612.0,4.0,25.0,0.0,55.642857142857146
2023-04-13,55.0,34.0,44.5,-6.5,20.0,0.0,0.08,0.2,0.0,5.0,5595.526316,620.0,4.0,21.0,0.07696104113612832,56.57142857142857
2023-04-14,51.0,33.0,42.0,-9.2,23.0,0.0,0.0,0.0,0.0,1.0,5638.533333,642.0,4.0,18.0,0.0,56.07142857142857
2023-04-15,60.0,35.0,47.5,-3.9,17.0,0.0,0.0,0.0,0.0,16.0,5414.357143,640.0,4.0,25.0,0.0,55.142857142857146
2023-04-16,74.0,42.0,58.0,6.4,7.0,0.0,0.0,0.0,0.0,2.0,5246.055556,560.0,4.0,32.0,0.0,55.5
2023-04-17,73.0,52.0,62.5,10.6,2.0,0.0,1e-05,0.0,0.0,3.0,5476.222222,640.0,4.0,21.0,9.99995000033333e-06,55.642857142857146
2023-04-18,55.0,38.0,46.5,-5.6,18.0,0.0,0.13,1e-05,0.0,1.0,5542.538462,637.0,4.0,17.0,0.12221763272424921,52.357142857142854
2023-04-19,48.0,33.0,40.5,-11.9,24.0,0.0,0.0,0.0,0.0,1.0,5490.642857,606.0,4.0,15.0,0.0,48.785714285714285
2023-04-20,49.0,36.0,42.5,-10.2,22.0,0.0,1e-05,1e-05,0.0,18.0,5679.733333,618.0,4.0,13.0,9.99995000033333e-06,48.5
2023-04-21,54.0,39.0,46.5,-6.4,18.0,0.0,0.17,0.0,0.0,9.0,5600.571429,642.0,4.0,15.0,0.15700374880966478,49.142857142857146
2023-04-22,52.0,43.0,47.5,-5.7,17.0,0.0,0.0,0.0,0.0,9.0,5345.214286,641.0,4.0,9.0,0.0,49.142857142857146
2023-04-23,62.0,38.0,50.0,-3.5,15.0,0.0,0.0,0.0,0.0,1.0,5143.75,563.0,4.0,24.0,0.0,48.0
2023-04-24,66.0,40.0,53.0,-0.8,12.0,0.0,0.14,1e-05,0.0,1.0,5301.444444,640.0,4.0,26.0,0.13102826240640408,46.642857142857146
2023-04-25,51.0,40.0,45.5,-8.7,19.0,0.0,0.02,0.0,0.0,3.0,5419.105263,638.0,4.0,11.0,0.019802627296179712,46.5
2023-04-26,65.0,39.0,52.0,-2.5,13.0,0.0,0.0,0.0,0.0,4.0,5389.571429,606.0,4.0,26.0,0.0,48.142857142857146
2023-04-27,72.0,46.0,59.0,4.2,6.0,0.0,0.0,0.0,0.0,0.0,5432.272727,616.0,4.0,26.0,0.0,50.5
2023-04-28,71.0,44.0,57.5,2.3,7.0,0.0,0.0,0.0,0.0,2.0,5358.5,642.0,4.0,27.0,0.0,52.07142857142857
2023-04-29,81.0,48.0,64.5,9.0,0.0,0.0,0.0,0.0,0.0,3.0,5164.642857,643.0,4.0,33.0,0.0,54.5
2023-04-30,87.0,55.0,71.0,15.1,0.0,6.0,0.0,0.0,0.0,10.0,5182.058824,561.0,4.0,32.0,0.0,57.5
2023-05-01,87.0,64.0,75.5,19.3,0.0,11.0,0.0,0.0,0.0,9.0,5361.125,638.0,5.0,23.0,0.0,60.714285714285715
2023-05-02,81.0,60.0,70.5,13.9,0.0,6.0,0.0,0.0,0.0,1.0,5601.642857,638.0,5.0,21.0,0.0,64.28571428571429
2023-05-03,81.0,57.0,69.0,12.1,0.0,4.0,1e-05,0.0,0.0,4.0,5574.8,600.0,5.0,24.0,9.99995000033333e-06,66.71428571428571
2023-05-04,75.0,51.0,63.0,5.7,2.0,0.0,0.02,0.0,0.0,2.0,5513.285714,614.0,5.0,24.0,0.019802627296179712,67.28571428571429
2023-05-05,63.0,51.0,57.0,-0.7,8.0,0.0,1e-05,0.0,0.0,4.0,5345.0,634.0,5.0,12.0,9.99995000033333e-06,67.21428571428571
2023-05-06,62.0,46.0,54.0,-4.0,11.0,0.0,0.08,0.0,0.0,8.0,5055.533333,633.0,5.0,16.0,0.07696104113612832,65.71428571428571
2023-05-07,65.0,43.0,54.0,-4.4,11.0,0.0,1e-05,0.0,0.0,6.0,5096.333333,554.0,5.0,22.0,9.99995000033333e-06,63.285714285714285
2023-05-08,73.0,46.0,59.5,0.7,5.0,0.0,1e-05,0.0,0.0,4.0,5337.6,629.0,5.0,27.0,9.99995000033333e-06,61.0
2023-05-09,69.0,47.0,58.0,-1.1,7.0,0.0,0.0,0.0,0.0,1.0,5448.470588,631.0,5.0,22.0,0.0,59.214285714285715
2023-05-10,71.0,54.0,62.5,3.0,2.0,0.0,0.0,0.0,0.0,10.0,5251.166667,602.0,5.0,17.0,0.0,58.285714285714285
2023-05-11,71.0,49.0,60.0,0.1,5.0,0.0,0.0,0.0,0.0,0.0,5364.133333,618.0,5.0,22.0,0.0,57.857142857142854
2023-05-12,76.0,50.0,63.0,2.8,2.0,0.0,0.0,0.0,0.0,6.0,5295.105263,634.0,5.0,26.0,0.0,58.714285714285715
2023-05-13,76.0,57.0,66.5,5.9,0.0,2.0,0.05,0.0,0.0,2.0,5081.5,633.0,5.0,19.0,0.048790164169432,60.5
2023-05-14,76.0,56.0,66.0,5.1,0.0,1.0,0.18,0.0,0.0,12.0,4943.4375,558.0,5.0,20.0,0.16551443847757338,62.214285714285715
2023-05-15,82.0,56.0,69.0,7.7,0.0,4.0,0.0,0.0,0.0,0.0,5352.933333,632.0,5.0,26.0,0.0,63.57142857142857
2023-05-16,84.0,59.0,71.5,9.9,0.0,7.0,0.02,0.0,0.0,0.0,5459.0,628.0,5.0,25.0,0.019802627296179712,65.5
2023-05-17,84.0,59.0,71.5,9.5,0.0,7.0,1e-05,0.0,0.0,2.0,5481.555556,601.0,5.0,25.0,9.99995000033333e-06,66.78571428571429
2023-05-18,81.0,59.0,70.0,7.7,0.0,5.0,0.0,0.0,0.0,4.0,5570.631579,618.0,5.0,22.0,0.0,68.21428571428571
2023-05-19,83.0,60.0,71.5,8.9,0.0,7.0,0.0,0.0,0.0,1.0,5428.473684,647.0,5.0,23.0,0.0,69.42857142857143
2023-05-20,87.0,59.0,73.0,10.0,0.0,8.0,0.0,0.0,0.0,2.0,5299.0,644.0,5.0,28.0,0.0,70.35714285714286
2023-05-21,88.0,62.0,75.0,11.7,0.0,10.0,0.0,0.0,0.0,0.0,5344.4,565.0,5.0,26.0,0.0,71.64285714285714
2023-05-22,86.0,67.0,76.5,12.9,0.0,12.0,1e-05,0.0,0.0,0.0,5460.8,640.0,5.0,19.0,9.99995000033333e-06,72.71428571428571
2023-05-23,85.0,63.0,74.0,10.1,0.0,9.0,0.04,0.0,0.0,2.0,5564.0,639.0,5.0,22.0,0.039220713153281295,73.07142857142857
2023-05-24,83.0,58.0,70.5,6.2,0.0,6.0,1e-05,0.0,0.0,2.0,5576.692308,612.0,5.0,25.0,9.99995000033333e-06,72.92857142857143
2023-05-25,79.0,57.0,68.0,3.4,0.0,3.0,0.02,0.0,0.0,0.0,5590.470588,629.0,5.0,22.0,0.019802627296179712,72.64285714285714
2023-05-26,79.0,58.0,68.5,3.6,0.0,4.0,0.05,0.0,0.0,5.0,5527.588235,656.0,5.0,21.0,0.048790164169432,72.21428571428571
2023-05-27,75.0,54.0,64.5,-0.7,0.0,0.0,0.02,0.0,0.0,3.0,5388.157895,657.0,5.0,21.0,0.019802627296179712,71.0
2023-05-28,79.0,56.0,67.5,2.0,0.0,3.0,1e-05,0.0,0.0,0.0,5379.176471,571.0,5.0,23.0,9.99995000033333e-06,69.92857142857143
2023-05-29,83.0,60.0,71.5,5.7,0.0,7.0,0.04,0.0,0.0,0.0,5601.466667,604.0,5.0,23.0,0.039220713153281295,69.21428571428571
2023-05-30,86.0,58.0,72.0,5.9,0.0,7.0,0.0,0.0,0.0,0.0,5820.0,645.0,5.0,28.0,0.0,68.92857142857143
2023-05-31,85.0,57.0,71.0,4.6,0.0,6.0,1e-05,0.0,0.0,2.0,5614.105263,626.0,5.0,28.0,9.99995000033333e-06,69.0
2023-06-01,80.0,59.0,69.5,2.8,0.0,5.0,0.0,0.0,0.0,6.0,5296.5,636.0,6.0,21.0,0.0,69.21428571428571
2023-06-02,78.0,62.0,70.0,3.0,0.0,5.0,1e-05,0.0,0.0,0.0,5289.833333,656.0,6.0,16.0,9.99995000033333e-06,69.42857142857143
2023-06-03,75.0,58.0,66.5,-0.8,0.0,2.0,1e-05,0.0,0.0,2.0,5087.294118,651.0,6.0,17.0,9.99995000033333e-06,69.71428571428571
2023-06-04,81.0,57.0,69.0,1.4,0.0,4.0,1e-05,0.0,0.0,2.0,5052.888889,570.0,6.0,24.0,9.99995000033333e-06,69.92857142857143
2023-06-05,88.0,58.0,73.0,5.1,0.0,8.0,1e-05,0.0,0.0,0.0,5508.9375,666.0,6.0,30.0,9.99995000033333e-06,70.14285714285714
2023-06-06,91.0,63.0,77.0,8.8,0.0,12.0,0.08,0.0,0.0,3.0,5737.076923,674.0,6.0,28.0,0.07696104113612832,70.85714285714286
2023-06-07,85.0,66.0,75.5,6.9,0.0,11.0,0.02,0.0,0.0,0.0,5902.5625,630.0,6.0,19.0,0.019802627296179712,71.5
2023-06-08,83.0,60.0,71.5,2.6,0.0,7.0,0.02,0.0,0.0,2.0,6173.076923,641.0,6.0,23.0,0.019802627296179712,71.78571428571429
2023-06-09,84.0,58.0,71.0,1.8,0.0,6.0,0.0,0.0,0.0,1.0,5947.6875,680.0,6.0,26.0,0.0,71.92857142857143
2023-06-10,84.0,60.0,72.0,2.5,0.0,7.0,0.0,0.0,0.0,0.0,5521.8,676.0,6.0,24.0,0.0,72.71428571428571
2023-06-11,84.0,63.0,73.5,3.6,0.0,9.0,0.09,0.0,0.0,0.0,5242.615385,614.0,6.0,21.0,0.08617769624105233,73.35714285714286
2023-06-12,77.0,60.0,68.5,-1.7,0.0,4.0,0.0,0.0,0.0,4.0,5439.944444,676.0,6.0,17.0,0.0,72.71428571428571
2023-06-13,79.0,61.0,70.0,-0.6,0.0,5.0,0.0,0.0,0.0,0.0,5607.111111,672.0,6.0,18.0,0.0,71.71428571428571
2023-06-14,80.0,63.0,71.5,0.6,0.0,7.0,1e-05,0.0,0.0,1.0,5580.153846,634.0,6.0,17.0,9.99995000033333e-06,71.14285714285714
2023-06-15,75.0,57.0,66.0,-5.3,0.0,1.0,0.15,0.0,0.0,2.0,5464.75,644.0,6.0,18.0,0.1397619423751587,70.35714285714286
2023-06-16,77.0,55.0,66.0,-5.6,0.0,1.0,0.0,0.0,0.0,8.0,5505.9,677.0,6.0,22.0,0.0,69.64285714285714
2023-06-17,83.0,58.0,70.5,-1.5,0.0,6.0,0.0,0.0,0.0,5.0,5283.75,687.0,6.0,25.0,0.0,69.42857142857143
2023-06-18,86.0,62.0,74.0,1.6,0.0,9.0,1e-05,0.0,0.0,13.0,5566.444444,612.0,6.0,24.0,9.99995000033333e-06,69.5
2023-06-19,92.0,56.0,74.0,1.3,0.0,9.0,0.03,0.0,0.0,11.0,5896.0,688.0,6.0,36.0,0.0295588022415444,70.28571428571429
2023-06-20,72.0,53.0,62.5,-10.6,2.0,0.0,1e-05,0.0,0.0,0.0,5814.6875,686.0,6.0,19.0,9.99995000033333e-06,69.21428571428571
2023-06-21,76.0,52.0,64.0,-9.5,1.0,0.0,0.0,0.0,0.0,12.0,5480.75,634.0,6.0,24.0,0.0,68.14285714285714
2023-06-22,85.0,55.0,70.0,-3.9,0.0,5.0,0.0,0.0,0.0,12.0,5542.272727,650.0,6.0,30.0,0.0,68.71428571428571
2023-06-23,83.0,62.0,72.5,-1.8,0.0,8.0,0.0,0.0,0.0,8.0,5715.222222,693.0,6.0,21.0,0.0,69.64285714285714
2023-06-24,85.0,58.0,71.5,-3.2,0.0,7.0,0.0,0.0,0.0,7.0,5444.529412,691.0,6.0,27.0,0.0,69.78571428571429
2023-06-25,91.0,62.0,76.5,1.5,0.0,12.0,0.0,0.0,0.0,6.0,5561.2,610.0,6.0,29.0,0.0,70.14285714285714
2023-06-26,90.0,65.0,77.5,2.1,0.0,13.0,0.0,0.0,0.0,17.0,6110.15,686.0,6.0,25.0,0.0,70.64285714285714
2023-06-27,85.0,64.0,74.5,-1.3,0.0,10.0,0.0,0.0,0.0,10.0,5998.333333,683.0,6.0,21.0,0.0,72.35714285714286
2023-06-28,82.0,65.0,73.5,-2.7,0.0,9.0,1e-05,0.0,0.0,17.0,5978.294118,639.0,6.0,17.0,9.99995000033333e-06,73.71428571428571
2023-06-29,84.0,63.0,73.5,-3.1,0.0,9.0,0.0,0.0,0.0,11.0,6142.6875,655.0,6.0,21.0,0.0,74.21428571428571
2023-06-30,89.0,64.0,76.5,-0.5,0.0,12.0,0.0,0.0,0.0,12.0,6064.0,701.0,6.0,25.0,0.0,74.78571428571429
2023-07-01,94.0,68.0,81.0,3.6,0.0,16.0,1e-05,0.0,0.0,1.0,6421.642857,700.0,7.0,26.0,9.99995000033333e-06,76.14285714285714
2023-07-02,97.0,72.0,84.5,6.8,0.0,20.0,0.0,0.0,0.0,2.0,6432.714286,616.0,7.0,25.0,0.0,77.28571428571429
2023-07-03,101.0,72.0,86.5,8.4,0.0,22.0,1e-05,0.0,0.0,5.0,7024.4375,633.0,7.0,29.0,9.99995000033333e-06,78.57142857142857
2023-07-04,89.0,69.0,79.0,0.6,0.0,14.0,1e-05,0.0,0.0,8.0,6664.777778,611.0,7.0,20.0,9.99995000033333e-06,79.21428571428571
2023-07-05,91.0,63.0,77.0,-1.8,0.0,12.0,0.0,0.0,0.0,7.0,6514.294118,647.0,7.0,28.0,0.0,79.71428571428571
2023-07-06,92.0,57.0,74.5,-4.6,0.0,10.0,0.01,0.0,0.0,9.0,6674.0625,603.0,7.0,35.0,0.009950330853168083,79.85714285714286
2023-07-07,97.0,72.0,84.5,5.0,0.0,20.0,0.0,0.0,0.0,8.0,6625.823529,638.0,7.0,25.0,0.0,81.0
2023-07-08,95.0,70.0,82.5,2.7,0.0,18.0,0.0,0.0,0.0,10.0,6712.888889,636.0,7.0,25.0,0.0,81.21428571428571
2023-07-09,100.0,73.0,86.5,6.4,0.0,22.0,0.0,0.0,0.0,12.0,6744.0,611.0,7.0,27.0,0.0,81.5
2023-07-10,98.0,74.0,86.0,5.6,0.0,21.0,0.0,0.0,0.0,4.0,7062.4,682.0,7.0,24.0,0.0,81.42857142857143
2023-07-11,98.0,73.0,85.5,4.9,0.0,21.0,0.0,0.0,0.0,4.0,7086.5,686.0,7.0,25.0,0.0,82.35714285714286
2023-07-12,98.0,68.0,83.0,2.1,0.0,18.0,0.0,0.0,0.0,4.0,7606.941176,650.0,7.0,30.0,0.0,83.21428571428571
2023-07-13,97.0,72.0,84.5,3.4,0.0,20.0,0.0,0.0,0.0,1.0,7043.533333,656.0,7.0,25.0,0.0,84.64285714285714
2023-07-14,93.0,69.0,81.0,-0.4,0.0,16.0,0.0,0.0,0.0,5.0,7004.45,689.0,7.0,24.0,0.0,84.14285714285714
2023-07-15,97.0,68.0,82.5,0.9,0.0,18.0,0.0,0.0,0.0,6.0,7121.666667,685.0,7.0,29.0,0.0,84.14285714285714
2023-07-16,106.0,74.0,90.0,8.2,0.0,25.0,0.0,0.0,0.0,17.0,6904.111111,611.0,7.0,32.0,0.0,84.64285714285714
2023-07-17,105.0,81.0,93.0,11.0,0.0,28.0,0.0,0.0,0.0,17.0,7825.238095,674.0,7.0,24.0,0.0,85.64285714285714
2023-07-18,98.0,78.0,88.0,5.9,0.0,23.0,1e-05,0.0,0.0,8.0,7675.35,687.0,7.0,20.0,9.99995000033333e-06,86.0
2023-07-19,96.0,69.0,82.5,0.2,0.0,18.0,0.02,0.0,0.0,10.0,7614.8,650.0,7.0,27.0,0.019802627296179712,85.92857142857143
2023-07-20,93.0,68.0,80.5,-1.9,0.0,16.0,0.0,0.0,0.0,13.0,7301.9,657.0,7.0,25.0,0.0,85.35714285714286
2023-07-21,102.0,73.0,87.5,5.0,0.0,23.0,0.0,0.0,0.0,6.0,7439.555556,689.0,7.0,29.0,0.0,86.28571428571429
2023-07-22,106.0,75.0,90.5,7.9,0.0,26.0,0.0,0.0,0.0,2.0,7319.555556,684.0,7.0,31.0,0.0,87.42857142857143
2023-07-23,104.0,82.0,93.0,10.4,0.0,28.0,1e-05,0.0,0.0,2.0,7489.555556,610.0,7.0,22.0,9.99995000033333e-06,87.85714285714286
2023-07-24,100.0,73.0,86.5,3.8,0.0,22.0,0.03,0.0,0.0,8.0,7404.133333,674.0,7.0,27.0,0.0295588022415444,86.92857142857143
2023-07-25,97.0,69.0,83.0,0.3,0.0,18.0,0.0,0.0,0.0,3.0,7340.307692,687.0,7.0,28.0,0.0,86.21428571428571
2023-07-26,98.0,76.0,87.0,4.3,0.0,22.0,1e-05,0.0,0.0,8.0,7459.0625,650.0,7.0,22.0,9.99995000033333e-06,86.85714285714286
2023-07-27,102.0,78.0,90.0,7.3,0.0,25.0,1e-05,0.0,0.0,3.0,7605.8,656.0,7.0,24.0,9.99995000033333e-06,88.21428571428571
2023-07-28,102.0,71.0,86.5,3.8,0.0,22.0,0.0,0.0,0.0,9.0,7433.666667,688.0,7.0,31.0,0.0,88.07142857142857
2023-07-29,103.0,73.0,88.0,5.4,0.0,23.0,0.0,0.0,0.0,11.0,7281.111111,684.0,7.0,30.0,0.0,87.71428571428571
2023-07-30,102.0,79.0,90.5,7.9,0.0,26.0,1e-05,0.0,0.0,7.0,7108.153846,611.0,7.0,23.0,9.99995000033333e-06,87.35714285714286
2023-07-31,97.0,79.0,88.0,5.5,0.0,23.0,0.0,0.0,0.0,8.0,7410.333333,674.0,7.0,18.0,0.0,87.57142857142857
2023-08-01,91.0,70.0,80.5,-1.9,0.0,16.0,1e-05,0.0,0.0,8.0,7047.714286,685.0,8.0,21.0,9.99995000033333e-06,87.21428571428571
2023-08-02,78.0,64.0,71.0,-11.3,0.0,6.0,1.31,0.0,0.0,2.0,6780.285714,648.0,8.0,14.0,0.8372475245337022,84.92857142857143
2023-08-03,83.0,62.0,72.5,-9.7,0.0,8.0,0.33,0.0,0.0,5.0,6886.764706,654.0,8.0,21.0,0.2851789422336624,82.42857142857143
2023-08-04,86.0,61.0,73.5,-8.5,0.0,9.0,0.0,0.0,0.0,6.0,6678.4375,688.0,8.0,25.0,0.0,80.57142857142857
2023-08-05,89.0,64.0,76.5,-5.4,0.0,12.0,0.0,0.0,0.0,0.0,6257.066667,683.0,8.0,25.0,0.0,78.92857142857143
2023-08-06,89.0,66.0,77.5,-4.2,0.0,13.0,0.0,0.0,0.0,10.0,5925.363636,608.0,8.0,23.0,0.0,77.07142857142857
2023-08-07,88.0,66.0,77.0,-4.5,0.0,12.0,0.0,0.0,0.0,21.0,6343.666667,673.0,8.0,22.0,0.0,75.5
2023-08-08,82.0,64.0,73.0,-8.3,0.0,8.0,0.01,0.0,0.0,9.0,6268.076923,685.0,8.0,18.0,0.009950330853168083,74.42857142857143
2023-08-09,88.0,63.0,75.5,-5.6,0.0,11.0,0.0,0.0,0.0,2.0,6283.923077,648.0,8.0,25.0,0.0,75.07142857142857
2023-08-10,94.0,71.0,82.5,1.6,0.0,18.0,0.0,0.0,0.0,2.0,6855.4,654.0,8.0,23.0,0.0,76.5
2023-08-11,93.0,72.0,82.5,1.8,0.0,18.0,0.0,0.0,0.0,2.0,6752.6,687.0,8.0,21.0,0.0,77.78571428571429
2023-08-12,93.0,73.0,83.0,2.5,0.0,18.0,0.01,0.0,0.0,0.0,6371.058824,683.0,8.0,20.0,0.009950330853168083,78.71428571428571
2023-08-13,93.0,69.0,81.0,0.8,0.0,16.0,0.0,0.0,0.0,4.0,6452.1875,610.0,8.0,24.0,0.0,79.21428571428571
2023-08-14,95.0,65.0,80.0,0.0,0.0,15.0,0.0,0.0,0.0,2.0,6765.222222,672.0,8.0,30.0,0.0,79.64285714285714
2023-08-15,97.0,73.0,85.0,5.3,0.0,20.0,0.0,0.0,0.0,3.0,6863.75,679.0,8.0,24.0,0.0,81.35714285714286
2023-08-16,96.0,72.0,84.0,4.6,0.0,19.0,0.0,0.0,0.0,0.0,7673.5625,639.0,8.0,24.0,0.0,82.57142857142857
2023-08-17,98.0,74.0,86.0,6.8,0.0,21.0,0.27,0.0,0.0,0.0,7218.714286,643.0,8.0,24.0,0.23901690047049992,83.07142857142857
2023-08-18,94.0,75.0,84.5,5.6,0.0,20.0,0.0,0.0,0.0,10.0,7404.928571,685.0,8.0,19.0,0.0,83.35714285714286
2023-08-19,89.0,62.0,75.5,-3.1,0.0,11.0,0.48,0.0,0.0,6.0,6313.785714,678.0,8.0,27.0,0.3920420877760237,82.28571428571429
2023-08-20,83.0,67.0,75.0,-3.3,0.0,10.0,1e-05,0.0,0.0,14.0,6387.071429,599.0,8.0,16.0,9.99995000033333e-06,81.42857142857143
2023-08-21,87.0,70.0,78.5,0.5,0.0,14.0,0.01,0.0,0.0,2.0,6764.5,672.0,8.0,17.0,0.009950330853168083,81.21428571428571
2023-08-22,75.0,65.0,70.0,-7.7,0.0,5.0,0.15,0.0,0.0,0.0,6477.411765,679.0,8.0,10.0,0.1397619423751587,79.07142857142857
2023-08-23,88.0,65.0,76.5,-0.9,0.0,12.0,0.18,0.0,0.0,2.0,6253.153846,636.0,8.0,23.0,0.16551443847757338,78.0
2023-08-24,87.0,67.0,77.0,-0.1,0.0,12.0,0.0,0.0,0.0,0.0,6406.75,642.0,8.0,20.0,0.0,76.71428571428571
2023-08-25,93.0,68.0,80.5,3.7,0.0,16.0,0.0,0.0,0.0,0.0,6269.071429,681.0,8.0,25.0,0.0,76.14285714285714
2023-08-26,95.0,74.0,84.5,8.0,0.0,20.0,1e-05,0.0,0.0,0.0,5784.0,677.0,8.0,21.0,9.99995000033333e-06,77.42857142857143
2023-08-27,93.0,71.0,82.0,5.9,0.0,17.0,0.0,0.0,0.0,1.0,6022.666667,599.0,8.0,22.0,0.0,78.42857142857143
2023-08-28,96.0,68.0,82.0,6.2,0.0,17.0,0.0,0.0,0.0,2.0,7106.571429,672.0,8.0,28.0,0.0,78.92857142857143
2023-08-29,100.0,69.0,84.5,9.0,0.0,20.0,0.0,0.0,0.0,3.0,7103.294118,679.0,8.0,31.0,0.0,81.0
2023-08-30,87.0,64.0,75.5,0.4,0.0,11.0,0.0,0.0,0.0,6.0,6883.428571,635.0,8.0,23.0,0.0,80.85714285714286
2023-08-31,95.0,60.0,77.5,2.7,0.0,13.0,0.0,0.0,0.0,3.0,6645.0,641.0,8.0,35.0,0.0,80.92857142857143
2023-09-01,85.0,71.0,78.0,3.6,0.0,13.0,1e-05,0.0,0.0,2.0,6602.125,685.0,9.0,14.0,9.99995000033333e-06,80.57142857142857
2023-09-02,85.0,67.0,76.0,1.9,0.0,11.0,0.02,0.0,0.0,0.0,6036.0,688.0,9.0,18.0,0.019802627296179712,79.35714285714286
2023-09-03,89.0,62.0,75.5,1.8,0.0,11.0,1e-05,0.0,0.0,3.0,6066.142857,545.0,9.0,27.0,9.99995000033333e-06,78.42857142857143
2023-09-04,71.0,56.0,63.5,-9.8,1.0,0.0,0.5,0.0,0.0,0.0,5895.75,582.0,9.0,15.0,0.4054651081081644,75.78571428571429
2023-09-05,80.0,55.0,67.5,-5.4,0.0,3.0,0.0,0.0,0.0,0.0,6150.769231,684.0,9.0,25.0,0.0,73.35714285714286
2023-09-06,87.0,58.0,72.5,-0.1,0.0,8.0,0.0,0.0,0.0,1.0,5939.882353,605.0,9.0,29.0,0.0,72.92857142857143
2023-09-07,89.0,61.0,75.0,2.8,0.0,10.0,0.0,0.0,0.0,2.0,6329.2,602.0,9.0,28.0,0.0,72.57142857142857
2023-09-08,92.0,67.0,79.5,7.7,0.0,15.0,0.0,0.0,0.0,5.0,6287.846154,630.0,9.0,25.0,0.0,72.78571428571429
2023-09-09,90.0,61.0,75.5,4.1,0.0,11.0,0.0,0.0,0.0,12.0,5894.75,638.0,9.0,29.0,0.0,72.71428571428571
2023-09-10,87.0,63.0,75.0,4.0,0.0,10.0,0.0,0.0,0.0,16.0,5946.538462,590.0,9.0,24.0,0.0,72.64285714285714
2023-09-11,87.0,61.0,74.0,3.4,0.0,9.0,0.0,0.0,0.0,6.0,6206.0,671.0,9.0,26.0,0.0,74.14285714285714
2023-09-12,87.0,61.0,74.0,3.9,0.0,9.0,0.0,0.0,0.0,1.0,6132.444444,674.0,9.0,26.0,0.0,75.07142857142857
2023-09-13,84.0,61.0,72.5,2.8,0.0,8.0,1e-05,0.0,0.0,2.0,5965.75,631.0,9.0,23.0,9.99995000033333e-06,75.07142857142857
2023-09-14,81.0,59.0,70.0,0.7,0.0,5.0,0.0,0.0,0.0,1.0,5874.210526,639.0,9.0,22.0,0.0,74.35714285714286
2023-09-15,83.0,55.0,69.0,0.1,0.0,4.0,0.0,0.0,0.0,0.0,5920.230769,672.0,9.0,28.0,0.0,72.85714285714286
2023-09-16,85.0,59.0,72.0,3.6,0.0,7.0,0.0,0.0,0.0,0.0,5523.611111,674.0,9.0,26.0,0.0,72.35714285714286
2023-09-17,88.0,59.0,73.5,5.5,0.0,9.0,0.0,0.0,0.0,0.0,5608.384615,573.0,9.0,29.0,0.0,72.14285714285714
2023-09-18,86.0,65.0,75.5,8.0,0.0,11.0,0.0,0.0,0.0,0.0,5854.6875,658.0,9.0,21.0,0.0,72.35714285714286
2023-09-19,82.0,64.0,73.0,5.9,0.0,8.0,1e-05,0.0,0.0,0.0,6210.153846,672.0,9.0,18.0,9.99995000033333e-06,72.21428571428571
2023-09-20,84.0,57.0,70.5,3.9,0.0,6.0,1e-05,0.0,0.0,0.0,5845.619048,632.0,9.0,27.0,9.99995000033333e-06,71.92857142857143
2023-09-21,68.0,52.0,60.0,-6.1,5.0,0.0,0.13,0.0,0.0,2.0,5630.666667,636.0,9.0,16.0,0.12221763272424921,70.5
2023-09-22,63.0,49.0,56.0,-9.7,9.0,0.0,0.26,0.0,0.0,4.0,5546.5,668.0,9.0,14.0,0.23111172096338664,68.64285714285714
2023-09-23,71.0,45.0,58.0,-7.2,7.0,0.0,0.0,0.0,0.0,0.0,5295.944444,672.0,9.0,26.0,0.0,66.64285714285714
2023-09-24,81.0,49.0,65.0,0.3,0.0,0.0,0.0,0.0,0.0,0.0,5229.352941,572.0,9.0,32.0,0.0,65.42857142857143
2023-09-25,86.0,56.0,71.0,6.8,0.0,6.0,0.0,0.0,0.0,0.0,5627.3125,660.0,9.0,30.0,0.0,64.78571428571429
2023-09-26,86.0,62.0,74.0,10.2,0.0,9.0,0.0,0.0,0.0,0.0,5906.647059,674.0,9.0,24.0,0.0,64.92857142857143
2023-09-27,87.0,58.0,72.5,9.2,0.0,8.0,0.0,0.0,0.0,0.0,5776.0,634.0,9.0,29.0,0.0,65.21428571428571
2023-09-28,76.0,54.0,65.0,2.2,0.0,0.0,0.0,0.0,0.0,0.0,5689.294118,638.0,9.0,22.0,0.0,65.92857142857143
2023-09-29,83.0,53.0,68.0,5.7,0.0,3.0,0.0,0.0,0.0,1.0,5549.866667,669.0,9.0,30.0,0.0,67.64285714285714
2023-09-30,82.0,60.0,71.0,9.2,0.0,6.0,1e-05,0.0,0.0,1.0,5525.846154,671.0,9.0,22.0,9.99995000033333e-06,69.5
2023-10-01,71.0,51.0,61.0,-0.4,4.0,0.0,0.25,0.0,0.0,0.0,5111.117647,564.0,10.0,20.0,0.22314355131420976,68.92857142857143
2023-10-02,58.0,48.0,53.0,-7.9,12.0,0.0,0.39,0.0,0.0,0.0,5301.736842,644.0,10.0,10.0,0.3293037471426004,66.35714285714286
2023-10-03,60.0,48.0,54.0,-6.4,11.0,0.0,1e-05,0.0,0.0,0.0,5363.75,657.0,10.0,12.0,9.99995000033333e-06,63.5
2023-10-04,66.0,50.0,58.0,-1.9,7.0,0.0,0.17,0.0,0.0,4.0,5433.277778,619.0,10.0,16.0,0.15700374880966478,61.42857142857143
2023-10-05,68.0,47.0,57.5,-2.0,7.0,0.0,0.0,0.0,0.0,1.0,5540.777778,623.0,10.0,21.0,0.0,60.357142857142854
2023-10-06,73.0,48.0,60.5,1.5,4.0,0.0,0.0,0.0,0.0,0.0,5435.1,637.0,10.0,25.0,0.0,59.285714285714285
2023-10-07,76.0,50.0,63.0,4.5,2.0,0.0,0.0,0.0,0.0,0.0,5070.222222,635.0,10.0,26.0,0.0,58.142857142857146
2023-10-08,79.0,50.0,64.5,6.5,0.0,0.0,0.0,0.0,0.0,2.0,5239.611111,544.0,10.0,29.0,0.0,58.642857142857146
2023-10-09,83.0,51.0,67.0,9.4,0.0,2.0,0.0,0.0,0.0,1.0,5478.05,626.0,10.0,32.0,0.0,60.642857142857146
2023-10-10,80.0,56.0,68.0,10.9,0.0,3.0,0.0,0.0,0.0,0.0,5600.0,642.0,10.0,24.0,0.0,62.642857142857146
2023-10-11,60.0,45.0,52.5,-4.2,12.0,0.0,0.42,0.0,0.0,0.0,5403.65,593.0,10.0,15.0,0.3506568716131694,61.857142857142854
2023-10-12,49.0,43.0,46.0,-10.2,19.0,0.0,0.18,0.0,0.0,2.0,5549.333333,606.0,10.0,6.0,0.16551443847757338,60.214285714285715
2023-10-13,64.0,41.0,52.5,-3.2,12.0,0.0,0.0,0.0,0.0,1.0,5501.65,636.0,10.0,23.0,0.0,59.07142857142857
2023-10-14,70.0,45.0,57.5,2.2,7.0,0.0,0.0,0.0,0.0,0.0,5175.6875,642.0,10.0,25.0,0.0,58.285714285714285
2023-10-15,72.0,45.0,58.5,3.6,6.0,0.0,0.0,0.0,0.0,0.0,5138.684211,544.0,10.0,27.0,0.0,57.42857142857143
2023-10-16,77.0,48.0,62.5,8.1,2.0,0.0,0.0,0.0,0.0,0.0,5469.833333,624.0,10.0,29.0,0.0,56.785714285714285
2023-10-17,73.0,48.0,60.5,6.5,4.0,0.0,0.0,0.0,0.0,0.0,5611.105263,634.0,10.0,25.0,0.0,55.714285714285715
2023-10-18,73.0,48.0,60.5,7.0,4.0,0.0,0.0,0.0,0.0,0.0,5372.294118,589.0,10.0,25.0,0.0,56.857142857142854
2023-10-19,76.0,48.0,62.0,8.9,3.0,0.0,0.0,0.0,0.0,0.0,5470.631579,602.0,10.0,28.0,0.0,59.142857142857146
2023-10-20,78.0,50.0,64.0,11.3,1.0,0.0,0.0,0.0,0.0,1.0,5476.666667,630.0,10.0,28.0,0.0,60.785714285714285
2023-10-21,75.0,50.0,62.5,10.2,2.0,0.0,0.0,0.0,0.0,0.0,5508.428571,636.0,10.0,25.0,0.0,61.5
2023-10-22,79.0,51.0,65.0,13.1,0.0,0.0,1e-05,0.0,0.0,0.0,5197.111111,542.0,10.0,28.0,9.99995000033333e-06,62.42857142857143
2023-10-23,69.0,50.0,59.5,8.1,5.0,0.0,0.0,0.0,0.0,0.0,5349.0,625.0,10.0,19.0,0.0,62.0
2023-10-24,66.0,47.0,56.5,5.5,8.0,0.0,0.0,0.0,0.0,1.0,5434.863636,635.0,10.0,19.0,0.0,61.42857142857143
2023-10-25,74.0,52.0,63.0,12.4,2.0,0.0,1e-05,0.0,0.0,3.0,5436.263158,590.0,10.0,22.0,9.99995000033333e-06,61.785714285714285
2023-10-26,53.0,36.0,44.5,-5.7,20.0,0.0,0.56,0.0,0.0,3.0,5595.35,602.0,10.0,17.0,0.44468582126144574,59.285714285714285
2023-10-27,54.0,33.0,43.5,-6.3,21.0,0.0,0.0,0.0,0.0,1.0,5624.4375,631.0,10.0,21.0,0.0,56.357142857142854
2023-10-28,46.0,32.0,39.0,-10.4,26.0,0.0,0.0,0.0,0.0,6.0,5512.473684,633.0,10.0,14.0,0.0,53.0
2023-10-29,44.0,28.0,36.0,-13.0,29.0,0.0,0.0,0.0,0.0,0.0,5520.058824,530.0,10.0,16.0,0.0,48.857142857142854
2023-10-30,48.0,29.0,38.5,-10.1,26.0,0.0,0.0,0.0,0.0,0.0,5932.1,562.0,10.0,19.0,0.0,45.857142857142854
2023-10-31,52.0,30.0,41.0,-7.2,24.0,0.0,0.0,0.0,0.0,0.0,5851.461538,554.0,10.0,22.0,0.0,43.642857142857146
