interval_start_utc,interval_end_utc,respondent,coal,hydro,natural_gas,nuclear,other,petroleum,solar,wind
2022-11-01 00:00:00+00:00,2022-11-02 00:00:00+00:00,PACE,1773.3888888888888889,36.8333333333333333,1049.0000000000000000,0E-20,67.3333333333333333,0E-20,213.9444444444444444,1354.3333333333333333
2022-11-02 00:00:00+00:00,2022-11-03 00:00:00+00:00,PACE,1970.9583333333333333,36.7083333333333333,982.0416666666666667,0E-20,83.7500000000000000,0E-20,44.0000000000000000,1350.9583333333333333
2022-11-03 00:00:00+00:00,2022-11-04 00:00:00+00:00,PACE,1405.7916666666666667,28.9166666666666667,687.2916666666666667,0E-20,106.3750000000000000,0E-20,114.2083333333333333,548.0833333333333333
2022-11-04 00:00:00+00:00,2022-11-05 00:00:00+00:00,PACE,1532.8750000000000000,30.0416666666666667,982.3333333333333333,0E-20,62.3750000000000000,0E-20,330.2916666666666667,956.6666666666666667
2022-11-05 00:00:00+00:00,2022-11-06 00:00:00+00:00,PACE,1629.5833333333333333,31.7083333333333333,651.5416666666666667,0E-20,61.3333333333333333,0E-20,83.1250000000000000,1331.7500000000000000
2022-11-06 00:00:00+00:00,2022-11-07 00:00:00+00:00,PACE,1866.0416666666666667,22.4583333333333333,1015.2083333333333333,0E-20,58.7916666666666667,0E-20,240.8333333333333333,959.3750000000000000
2022-11-07 00:00:00+00:00,2022-11-08 00:00:00+00:00,PACE,1872.4583333333333333,19.7083333333333333,1045.2500000000000000,0E-20,51.7500000000000000,0E-20,187.9583333333333333,1091.3333333333333333
2022-11-08 00:00:00+00:00,2022-11-09 00:00:00+00:00,PACE,1532.1250000000000000,31.3750000000000000,994.2083333333333333,0E-20,42.6666666666666667,0E-20,199.5000000000000000,477.2083333333333333
2022-11-09 00:00:00+00:00,2022-11-10 00:00:00+00:00,PACE,1852.0000000000000000,23.0833333333333333,549.8750000000000000,0E-20,43.3750000000000000,0E-20,108.0416666666666667,334.5000000000000000
2022-11-10 00:00:00+00:00,2022-11-11 00:00:00+00:00,PACE,2036.3333333333333333,21.0833333333333333,831.2916666666666667,0E-20,45.1666666666666667,0E-20,210.2916666666666667,1067.7083333333333333
2022-11-11 00:00:00+00:00,2022-11-12 00:00:00+00:00,PACE,2194.0833333333333333,29.7916666666666667,1094.0833333333333333,0E-20,47.8750000000000000,0E-20,373.3333333333333333,815.0416666666666667
2022-11-12 00:00:00+00:00,2022-11-13 00:00:00+00:00,PACE,2006.1250000000000000,35.2916666666666667,1021.3750000000000000,0E-20,59.8333333333333333,0E-20,280.8333333333333333,880.0416666666666667
2022-11-13 00:00:00+00:00,2022-11-14 00:00:00+00:00,PACE,2350.5416666666666667,27.6250000000000000,1167.8333333333333333,0E-20,95.1666666666666667,0E-20,94.9166666666666667,633.2500000000000000
2022-11-14 00:00:00+00:00,2022-11-15 00:00:00+00:00,PACE,3157.5833333333333333,22.7083333333333333,1285.6250000000000000,0E-20,94.6666666666666667,0E-20,310.4166666666666667,582.8333333333333333
2022-11-15 00:00:00+00:00,2022-11-16 00:00:00+00:00,PACE,2740.4166666666666667,34.6666666666666667,1000.3750000000000000,0E-20,86.5833333333333333,0E-20,361.6250000000000000,889.2916666666666667
2022-11-16 00:00:00+00:00,2022-11-17 00:00:00+00:00,PACE,2059.5833333333333333,24.0000000000000000,1009.8333333333333333,0E-20,84.0416666666666667,0E-20,257.0000000000000000,1086.5833333333333333
2022-11-17 00:00:00+00:00,2022-11-18 00:00:00+00:00,PACE,1498.5833333333333333,22.7916666666666667,620.5000000000000000,0E-20,67.7916666666666667,0E-20,281.0833333333333333,575.5833333333333333
2022-11-18 00:00:00+00:00,2022-11-19 00:00:00+00:00,PACE,2703.6250000000000000,23.2500000000000000,968.4166666666666667,0E-20,89.7083333333333333,0E-20,236.6250000000000000,423.7083333333333333
2022-11-19 00:00:00+00:00,2022-11-20 00:00:00+00:00,PACE,2270.7500000000000000,15.9166666666666667,621.4166666666666667,0E-20,102.5416666666666667,0E-20,245.7500000000000000,1335.8333333333333333
2022-11-20 00:00:00+00:00,2022-11-21 00:00:00+00:00,PACE,2148.4583333333333333,16.5416666666666667,738.8333333333333333,0E-20,96.4166666666666667,0E-20,345.5833333333333333,1521.2916666666666667
2022-11-21 00:00:00+00:00,2022-11-22 00:00:00+00:00,PACE,1673.5833333333333333,14.9583333333333333,1155.0416666666666667,0E-20,73.5000000000000000,0E-20,297.5833333333333333,927.9166666666666667
2022-11-22 00:00:00+00:00,2022-11-23 00:00:00+00:00,PACE,1600.5833333333333333,22.3750000000000000,801.0833333333333333,0E-20,74.0000000000000000,0E-20,263.5000000000000000,758.0833333333333333
2022-11-23 00:00:00+00:00,2022-11-24 00:00:00+00:00,PACE,2065.3750000000000000,25.6250000000000000,800.6250000000000000,0E-20,56.7916666666666667,0E-20,183.7500000000000000,1019.5833333333333333
2022-11-24 00:00:00+00:00,2022-11-25 00:00:00+00:00,PACE,2447.8333333333333333,25.2500000000000000,952.6666666666666667,0E-20,85.8750000000000000,0E-20,195.7500000000000000,606.2083333333333333
2022-11-25 00:00:00+00:00,2022-11-26 00:00:00+00:00,PACE,1860.5000000000000000,28.2916666666666667,824.5416666666666667,0E-20,74.0833333333333333,0E-20,198.4166666666666667,667.9583333333333333
2022-11-26 00:00:00+00:00,2022-11-27 00:00:00+00:00,PACE,1729.0000000000000000,32.3750000000000000,718.1666666666666667,0E-20,73.9166666666666667,0E-20,145.5833333333333333,661.3333333333333333
2022-11-27 00:00:00+00:00,2022-11-28 00:00:00+00:00,PACE,2184.5833333333333333,21.0000000000000000,920.7500000000000000,0E-20,90.8333333333333333,0E-20,249.9583333333333333,946.6250000000000000
2022-11-28 00:00:00+00:00,2022-11-29 00:00:00+00:00,PACE,1828.5416666666666667,27.1666666666666667,857.0833333333333333,0E-20,94.3750000000000000,0E-20,86.3333333333333333,1361.1250000000000000
2022-11-29 00:00:00+00:00,2022-11-30 00:00:00+00:00,PACE,2912.9583333333333333,25.7083333333333333,1139.2916666666666667,0E-20,106.2500000000000000,0E-20,234.8750000000000000,421.7500000000000000
2022-11-30 00:00:00+00:00,2022-12-01 00:00:00+00:00,PACE,2655.6666666666666667,27.2083333333333333,1078.6250000000000000,0E-20,120.6666666666666667,0E-20,346.2916666666666667,1075.7083333333333333
2022-12-01 00:00:00+00:00,2022-12-02 00:00:00+00:00,PACE,2020.4166666666666667,28.1250000000000000,1164.5416666666666667,0E-20,102.0833333333333333,0E-20,134.7083333333333333,1563.6250000000000000
2022-12-02 00:00:00+00:00,2022-12-03 00:00:00+00:00,PACE,2035.4583333333333333,28.4583333333333333,1132.1250000000000000,0E-20,83.8750000000000000,0E-20,91.5000000000000000,1077.0416666666666667
2022-12-03 00:00:00+00:00,2022-12-04 00:00:00+00:00,PACE,1854.8750000000000000,22.2916666666666667,1367.6666666666666667,0E-20,107.2500000000000000,0E-20,91.4583333333333333,1231.3750000000000000
2022-12-04 00:00:00+00:00,2022-12-05 00:00:00+00:00,PACE,2194.6666666666666667,23.5833333333333333,979.6666666666666667,0E-20,95.2083333333333333,0E-20,89.4583333333333333,1091.7916666666666667
2022-12-05 00:00:00+00:00,2022-12-06 00:00:00+00:00,PACE,2069.8333333333333333,25.5833333333333333,887.4166666666666667,0E-20,88.6666666666666667,0E-20,107.3333333333333333,1410.2500000000000000
2022-12-06 00:00:00+00:00,2022-12-07 00:00:00+00:00,PACE,2030.2083333333333333,27.1250000000000000,1025.5833333333333333,0E-20,65.9583333333333333,0E-20,100.3333333333333333,1254.7916666666666667
2022-12-07 00:00:00+00:00,2022-12-08 00:00:00+00:00,PACE,2379.0833333333333333,26.4583333333333333,1308.0000000000000000,0E-20,78.6666666666666667,0E-20,55.2916666666666667,1189.8750000000000000
2022-12-08 00:00:00+00:00,2022-12-09 00:00:00+00:00,PACE,3059.5416666666666667,25.5833333333333333,1260.4583333333333333,0E-20,88.3333333333333333,0E-20,268.6250000000000000,786.6250000000000000
2022-12-09 00:00:00+00:00,2022-12-10 00:00:00+00:00,PACE,2633.9166666666666667,23.3750000000000000,1038.9166666666666667,0E-20,90.5416666666666667,0E-20,191.0416666666666667,1223.5416666666666667
2022-12-10 00:00:00+00:00,2022-12-11 00:00:00+00:00,PACE,2219.7500000000000000,23.9583333333333333,965.2083333333333333,0E-20,96.1250000000000000,0E-20,141.7083333333333333,1375.6666666666666667
2022-12-11 00:00:00+00:00,2022-12-12 00:00:00+00:00,PACE,2418.7500000000000000,30.0416666666666667,1085.1666666666666667,0E-20,96.9583333333333333,0E-20,121.6250000000000000,1126.3333333333333333
2022-12-12 00:00:00+00:00,2022-12-13 00:00:00+00:00,PACE,2123.5000000000000000,34.2083333333333333,1244.3333333333333333,0E-20,61.7916666666666667,0E-20,128.4583333333333333,442.6666666666666667
2022-12-13 00:00:00+00:00,2022-12-14 00:00:00+00:00,PACE,2586.4166666666666667,32.0416666666666667,880.1666666666666667,0E-20,58.3333333333333333,0E-20,115.3750000000000000,1057.6666666666666667
2022-12-14 00:00:00+00:00,2022-12-15 00:00:00+00:00,PACE,2186.5000000000000000,35.7500000000000000,935.2500000000000000,0E-20,64.3333333333333333,0E-20,115.7916666666666667,752.7916666666666667
2022-12-15 00:00:00+00:00,2022-12-16 00:00:00+00:00,PACE,2691.4583333333333333,20.3750000000000000,946.4583333333333333,0E-20,73.3333333333333333,0E-20,220.0833333333333333,1350.0000000000000000
2022-12-16 00:00:00+00:00,2022-12-17 00:00:00+00:00,PACE,2291.2500000000000000,25.6250000000000000,872.1666666666666667,0E-20,103.5833333333333333,0E-20,270.5416666666666667,1095.3333333333333333
2022-12-17 00:00:00+00:00,2022-12-18 00:00:00+00:00,PACE,2780.9583333333333333,24.7500000000000000,1170.4583333333333333,0E-20,99.1250000000000000,0E-20,260.7916666666666667,1464.1250000000000000
2022-12-18 00:00:00+00:00,2022-12-19 00:00:00+00:00,PACE,2552.0000000000000000,32.0000000000000000,1093.2083333333333333,0E-20,110.7083333333333333,0E-20,279.5416666666666667,1115.1666666666666667
2022-12-19 00:00:00+00:00,2022-12-20 00:00:00+00:00,PACE,2233.0000000000000000,21.8333333333333333,1224.3333333333333333,0E-20,90.1666666666666667,0E-20,162.0416666666666667,1342.4583333333333333
2022-12-20 00:00:00+00:00,2022-12-21 00:00:00+00:00,PACE,2373.3333333333333333,19.2083333333333333,1320.5000000000000000,0E-20,100.6250000000000000,0E-20,123.6250000000000000,1232.1666666666666667
2022-12-21 00:00:00+00:00,2022-12-22 00:00:00+00:00,PACE,2546.6666666666666667,21.9583333333333333,907.9583333333333333,0E-20,58.0833333333333333,0E-20,215.5833333333333333,1593.4166666666666667
2022-12-22 00:00:00+00:00,2022-12-23 00:00:00+00:00,PACE,2911.7916666666666667,24.3750000000000000,993.5416666666666667,0E-20,74.7083333333333333,0E-20,159.9166666666666667,488.6666666666666667
2022-12-23 00:00:00+00:00,2022-12-24 00:00:00+00:00,PACE,3188.4583333333333333,22.4166666666666667,1012.3750000000000000,0E-20,65.3333333333333333,0E-20,192.5833333333333333,690.0416666666666667
2022-12-24 00:00:00+00:00,2022-12-25 00:00:00+00:00,PACE,2110.9166666666666667,21.0000000000000000,1144.5833333333333333,0E-20,73.9166666666666667,0E-20,142.0833333333333333,1491.6250000000000000
2022-12-25 00:00:00+00:00,2022-12-26 00:00:00+00:00,PACE,1834.2083333333333333,18.2916666666666667,688.1250000000000000,0E-20,57.3333333333333333,0E-20,214.6666666666666667,1420.6666666666666667
2022-12-26 00:00:00+00:00,2022-12-27 00:00:00+00:00,PACE,1964.4166666666666667,14.8333333333333333,838.8750000000000000,0E-20,49.7500000000000000,0E-20,90.3750000000000000,1038.8333333333333333
2022-12-27 00:00:00+00:00,2022-12-28 00:00:00+00:00,PACE,1780.9583333333333333,16.5833333333333333,659.9166666666666667,0E-20,39.9166666666666667,0E-20,55.7500000000000000,1086.5416666666666667
2022-12-28 00:00:00+00:00,2022-12-29 00:00:00+00:00,PACE,2015.9166666666666667,24.5000000000000000,886.9583333333333333,0E-20,27.7083333333333333,0E-20,98.9583333333333333,941.5833333333333333
2022-12-29 00:00:00+00:00,2022-12-30 00:00:00+00:00,PACE,2360.1666666666666667,29.0833333333333333,996.7500000000000000,0E-20,41.0000000000000000,0E-20,164.7500000000000000,1123.5000000000000000
2022-12-30 00:00:00+00:00,2022-12-31 00:00:00+00:00,PACE,1645.7916666666666667,21.5000000000000000,932.8750000000000000,0E-20,53.3333333333333333,0E-20,95.1666666666666667,1206.1666666666666667
2022-12-31 00:00:00+00:00,2023-01-01 00:00:00+00:00,PACE,2053.5416666666666667,26.5833333333333333,887.9583333333333333,0E-20,54.6250000000000000,0E-20,61.3750000000000000,1359.9583333333333333
2023-01-01 00:00:00+00:00,2023-01-02 00:00:00+00:00,PACE,2302.2916666666666667,17.7916666666666667,750.5416666666666667,0E-20,37.1666666666666667,0E-20,10.6250000000000000,303.2083333333333333
2023-01-02 00:00:00+00:00,2023-01-03 00:00:00+00:00,PACE,1450.9583333333333333,23.3333333333333333,542.7500000000000000,0E-20,54.0000000000000000,0E-20,42.3750000000000000,664.1250000000000000
2023-01-03 00:00:00+00:00,2023-01-04 00:00:00+00:00,PACE,1874.7083333333333333,21.4583333333333333,515.5416666666666667,0E-20,55.2500000000000000,0E-20,126.0416666666666667,293.5416666666666667
2023-01-04 00:00:00+00:00,2023-01-05 00:00:00+00:00,PACE,744.2500000000000000,21.3333333333333333,659.1666666666666667,0E-20,65.6250000000000000,0E-20,111.4166666666666667,652.1666666666666667
2023-01-05 00:00:00+00:00,2023-01-06 00:00:00+00:00,PACE,1503.7083333333333333,16.7500000000000000,729.8750000000000000,0E-20,56.2916666666666667,0E-20,80.2500000000000000,1204.4583333333333333
2023-01-06 00:00:00+00:00,2023-01-07 00:00:00+00:00,PACE,2801.8333333333333333,29.0833333333333333,925.3750000000000000,0E-20,113.1250000000000000,0E-20,142.6250000000000000,680.5416666666666667
2023-01-07 00:00:00+00:00,2023-01-08 00:00:00+00:00,PACE,2947.6666666666666667,29.8750000000000000,992.4166666666666667,0E-20,70.0833333333333333,0E-20,199.5833333333333333,1040.8333333333333333
2023-01-08 00:00:00+00:00,2023-01-09 00:00:00+00:00,PACE,3505.2916666666666667,31.7916666666666667,726.9583333333333333,0E-20,89.5000000000000000,0E-20,139.9166666666666667,1261.5000000000000000
2023-01-09 00:00:00+00:00,2023-01-10 00:00:00+00:00,PACE,2610.5833333333333333,35.3750000000000000,1045.1666666666666667,0E-20,106.9166666666666667,0E-20,75.3750000000000000,1779.3750000000000000
2023-01-10 00:00:00+00:00,2023-01-11 00:00:00+00:00,PACE,1932.7500000000000000,35.0000000000000000,1154.1250000000000000,0E-20,115.3750000000000000,0E-20,121.2500000000000000,1728.5416666666666667
2023-01-11 00:00:00+00:00,2023-01-12 00:00:00+00:00,PACE,2904.4166666666666667,35.9166666666666667,1090.8333333333333333,0E-20,96.6250000000000000,0E-20,249.8750000000000000,1015.2083333333333333
2023-01-12 00:00:00+00:00,2023-01-13 00:00:00+00:00,PACE,2233.1666666666666667,36.1666666666666667,976.2500000000000000,0E-20,76.1250000000000000,0E-20,306.7083333333333333,1165.8750000000000000
2023-01-13 00:00:00+00:00,2023-01-14 00:00:00+00:00,PACE,2206.6666666666666667,39.4583333333333333,1162.7500000000000000,0E-20,76.9583333333333333,0E-20,116.6666666666666667,1302.7083333333333333
2023-01-14 00:00:00+00:00,2023-01-15 00:00:00+00:00,PACE,2644.1666666666666667,29.5416666666666667,1168.6250000000000000,0E-20,85.2083333333333333,0E-20,70.5000000000000000,1096.9583333333333333
2023-01-15 00:00:00+00:00,2023-01-16 00:00:00+00:00,PACE,2529.7083333333333333,33.2916666666666667,796.0833333333333333,0E-20,54.0416666666666667,0E-20,89.1666666666666667,455.6250000000000000
2023-01-16 00:00:00+00:00,2023-01-17 00:00:00+00:00,PACE,2567.4166666666666667,31.9583333333333333,637.3750000000000000,0E-20,70.5833333333333333,0E-20,68.7916666666666667,762.2500000000000000
2023-01-17 00:00:00+00:00,2023-01-18 00:00:00+00:00,PACE,3011.2500000000000000,25.7083333333333333,706.0000000000000000,0E-20,67.2083333333333333,0E-20,98.3333333333333333,117.9166666666666667
2023-01-18 00:00:00+00:00,2023-01-19 00:00:00+00:00,PACE,2182.8750000000000000,19.6666666666666667,701.8750000000000000,0E-20,54.7500000000000000,0E-20,228.1666666666666667,317.0000000000000000
2023-01-19 00:00:00+00:00,2023-01-20 00:00:00+00:00,PACE,1898.4166666666666667,31.5833333333333333,952.8333333333333333,0E-20,74.2916666666666667,0E-20,85.0000000000000000,1179.3750000000000000
2023-01-20 00:00:00+00:00,2023-01-21 00:00:00+00:00,PACE,3724.1250000000000000,28.8333333333333333,1066.2083333333333333,0E-20,79.5416666666666667,0E-20,94.3750000000000000,192.2916666666666667
2023-01-21 00:00:00+00:00,2023-01-22 00:00:00+00:00,PACE,3677.1250000000000000,30.3333333333333333,1360.0000000000000000,0E-20,104.0833333333333333,0E-20,165.2916666666666667,683.9583333333333333
2023-01-22 00:00:00+00:00,2023-01-23 00:00:00+00:00,PACE,3209.2916666666666667,34.5000000000000000,1228.2916666666666667,0E-20,77.7916666666666667,0E-20,136.4583333333333333,1258.9583333333333333
2023-01-23 00:00:00+00:00,2023-01-24 00:00:00+00:00,PACE,3770.2083333333333333,31.0416666666666667,1216.3333333333333333,0E-20,85.2083333333333333,0E-20,301.1250000000000000,351.9166666666666667
2023-01-24 00:00:00+00:00,2023-01-25 00:00:00+00:00,PACE,3872.3750000000000000,35.0833333333333333,1293.1250000000000000,0E-20,91.7916666666666667,0E-20,394.4583333333333333,1358.7916666666666667
2023-01-25 00:00:00+00:00,2023-01-26 00:00:00+00:00,PACE,3299.3333333333333333,33.7916666666666667,1153.7916666666666667,0E-20,72.4583333333333333,0E-20,178.1250000000000000,1438.7083333333333333
2023-01-26 00:00:00+00:00,2023-01-27 00:00:00+00:00,PACE,1727.0416666666666667,18.4166666666666667,941.9583333333333333,0E-20,55.7500000000000000,0E-20,149.6666666666666667,1268.3750000000000000
2023-01-27 00:00:00+00:00,2023-01-28 00:00:00+00:00,PACE,1198.0833333333333333,18.9583333333333333,424.3333333333333333,0E-20,59.9583333333333333,0E-20,156.1250000000000000,748.0000000000000000
2023-01-28 00:00:00+00:00,2023-01-29 00:00:00+00:00,PACE,1108.1250000000000000,20.5833333333333333,525.7916666666666667,0E-20,43.9583333333333333,0E-20,262.2500000000000000,774.0833333333333333
2023-01-29 00:00:00+00:00,2023-01-30 00:00:00+00:00,PACE,1524.1250000000000000,20.4583333333333333,648.6250000000000000,0E-20,78.1250000000000000,0E-20,223.4583333333333333,306.4166666666666667
2023-01-30 00:00:00+00:00,2023-01-31 00:00:00+00:00,PACE,1506.0416666666666667,11.4583333333333333,440.3750000000000000,0E-20,64.5416666666666667,0E-20,213.5416666666666667,187.7500000000000000
2023-01-31 00:00:00+00:00,2023-02-01 00:00:00+00:00,PACE,1284.7916666666666667,17.2916666666666667,508.7500000000000000,0E-20,70.8750000000000000,0E-20,275.7916666666666667,621.7083333333333333
2023-02-01 00:00:00+00:00,2023-02-02 00:00:00+00:00,PACE,2378.9166666666666667,20.7083333333333333,994.0416666666666667,0E-20,81.3750000000000000,0E-20,275.8333333333333333,1181.5416666666666667
2023-02-02 00:00:00+00:00,2023-02-03 00:00:00+00:00,PACE,1884.7500000000000000,23.8333333333333333,964.5000000000000000,0E-20,75.9166666666666667,0E-20,193.2083333333333333,1167.0833333333333333
2023-02-03 00:00:00+00:00,2023-02-04 00:00:00+00:00,PACE,2013.6250000000000000,20.3333333333333333,715.6666666666666667,0E-20,72.2500000000000000,0E-20,219.2500000000000000,1138.9583333333333333
2023-02-04 00:00:00+00:00,2023-02-05 00:00:00+00:00,PACE,1726.0833333333333333,26.3333333333333333,1132.0000000000000000,0E-20,82.9583333333333333,0E-20,297.5833333333333333,1161.5416666666666667
2023-02-05 00:00:00+00:00,2023-02-06 00:00:00+00:00,PACE,1229.2500000000000000,22.0000000000000000,876.1250000000000000,0E-20,71.2500000000000000,0E-20,120.3750000000000000,808.5416666666666667
2023-02-06 00:00:00+00:00,2023-02-07 00:00:00+00:00,PACE,822.6666666666666667,19.5416666666666667,600.2500000000000000,0E-20,60.7916666666666667,0E-20,61.7083333333333333,1170.4583333333333333
2023-02-07 00:00:00+00:00,2023-02-08 00:00:00+00:00,PACE,1949.2916666666666667,31.5833333333333333,1117.7916666666666667,0E-20,121.6250000000000000,0E-20,388.5416666666666667,1469.0000000000000000
2023-02-08 00:00:00+00:00,2023-02-09 00:00:00+00:00,PACE,1901.6666666666666667,34.6250000000000000,1103.5000000000000000,0E-20,100.4166666666666667,0E-20,326.8333333333333333,1098.8750000000000000
2023-02-09 00:00:00+00:00,2023-02-10 00:00:00+00:00,PACE,1548.8333333333333333,26.0833333333333333,768.0000000000000000,0E-20,55.5833333333333333,0E-20,223.3333333333333333,526.6666666666666667
2023-02-10 00:00:00+00:00,2023-02-11 00:00:00+00:00,PACE,1496.5833333333333333,25.2083333333333333,630.7916666666666667,0E-20,61.5000000000000000,0E-20,305.0833333333333333,963.2916666666666667
2023-02-11 00:00:00+00:00,2023-02-12 00:00:00+00:00,PACE,1297.5416666666666667,29.3333333333333333,1126.1666666666666667,0E-20,73.6250000000000000,0E-20,149.2916666666666667,600.9166666666666667
2023-02-12 00:00:00+00:00,2023-02-13 00:00:00+00:00,PACE,1753.4583333333333333,26.2083333333333333,866.5833333333333333,0E-20,68.0833333333333333,0E-20,288.5833333333333333,538.1250000000000000
2023-02-13 00:00:00+00:00,2023-02-14 00:00:00+00:00,PACE,1318.8333333333333333,23.5833333333333333,987.2083333333333333,0E-20,40.3750000000000000,0E-20,158.2500000000000000,765.5833333333333333
2023-02-14 00:00:00+00:00,2023-02-15 00:00:00+00:00,PACE,1068.0416666666666667,32.5416666666666667,978.9166666666666667,0E-20,78.2500000000000000,0E-20,33.7500000000000000,1239.0833333333333333
2023-02-15 00:00:00+00:00,2023-02-16 00:00:00+00:00,PACE,2018.5416666666666667,30.9166666666666667,942.9583333333333333,0E-20,76.4583333333333333,0E-20,137.0000000000000000,608.2500000000000000
2023-02-16 00:00:00+00:00,2023-02-17 00:00:00+00:00,PACE,1536.7500000000000000,22.4166666666666667,754.4166666666666667,0E-20,76.7916666666666667,0E-20,179.4166666666666667,677.2500000000000000
2023-02-17 00:00:00+00:00,2023-02-18 00:00:00+00:00,PACE,1685.2500000000000000,40.1250000000000000,747.4583333333333333,0E-20,71.4166666666666667,0E-20,121.2916666666666667,1001.2916666666666667
2023-02-18 00:00:00+00:00,2023-02-19 00:00:00+00:00,PACE,1200.5000000000000000,21.0833333333333333,876.5000000000000000,0E-20,60.9583333333333333,0E-20,323.6250000000000000,859.4583333333333333
2023-02-19 00:00:00+00:00,2023-02-20 00:00:00+00:00,PACE,511.5416666666666667,19.5000000000000000,658.7500000000000000,0E-20,74.1666666666666667,0E-20,298.7083333333333333,1257.3750000000000000
2023-02-20 00:00:00+00:00,2023-02-21 00:00:00+00:00,PACE,1078.8333333333333333,26.1250000000000000,789.5416666666666667,0E-20,54.9583333333333333,0E-20,173.0416666666666667,1000.3750000000000000
2023-02-21 00:00:00+00:00,2023-02-22 00:00:00+00:00,PACE,976.3750000000000000,31.2500000000000000,1194.2083333333333333,0E-20,56.7500000000000000,0E-20,139.1250000000000000,1079.4583333333333333
2023-02-22 00:00:00+00:00,2023-02-23 00:00:00+00:00,PACE,1648.3750000000000000,28.6666666666666667,858.5833333333333333,0E-20,66.1666666666666667,0E-20,100.7500000000000000,773.3750000000000000
2023-02-23 00:00:00+00:00,2023-02-24 00:00:00+00:00,PACE,2396.2916666666666667,26.6250000000000000,1013.3750000000000000,0E-20,57.5416666666666667,0E-20,175.3333333333333333,106.1666666666666667
2023-02-24 00:00:00+00:00,2023-02-25 00:00:00+00:00,PACE,2053.6250000000000000,30.2916666666666667,895.7500000000000000,0E-20,49.8333333333333333,0E-20,261.5000000000000000,369.4583333333333333
2023-02-25 00:00:00+00:00,2023-02-26 00:00:00+00:00,PACE,1717.6250000000000000,24.3333333333333333,733.5833333333333333,0E-20,60.7500000000000000,0E-20,143.4583333333333333,717.5833333333333333
2023-02-26 00:00:00+00:00,2023-02-27 00:00:00+00:00,PACE,1598.1666666666666667,24.3750000000000000,770.2500000000000000,0E-20,60.3333333333333333,0E-20,151.9583333333333333,457.0833333333333333
2023-02-27 00:00:00+00:00,2023-02-28 00:00:00+00:00,PACE,1015.6666666666666667,23.3333333333333333,565.6666666666666667,0E-20,68.6250000000000000,0E-20,90.7916666666666667,884.1666666666666667
2023-02-28 00:00:00+00:00,2023-03-01 00:00:00+00:00,PACE,1647.5000000000000000,30.6666666666666667,952.2083333333333333,0E-20,90.3750000000000000,0E-20,232.0000000000000000,1193.7916666666666667
2023-03-01 00:00:00+00:00,2023-03-02 00:00:00+00:00,PACE,1982.2916666666666667,29.3333333333333333,1166.5000000000000000,0E-20,65.9583333333333333,0E-20,162.8750000000000000,476.0416666666666667
2023-03-02 00:00:00+00:00,2023-03-03 00:00:00+00:00,PACE,1259.0000000000000000,20.7916666666666667,989.2083333333333333,0E-20,81.6250000000000000,0E-20,381.5833333333333333,789.5416666666666667
2023-03-03 00:00:00+00:00,2023-03-04 00:00:00+00:00,PACE,1507.8750000000000000,28.2916666666666667,896.8750000000000000,0E-20,91.6666666666666667,0E-20,256.0416666666666667,1036.6666666666666667
2023-03-04 00:00:00+00:00,2023-03-05 00:00:00+00:00,PACE,1578.3333333333333333,31.5833333333333333,1106.0833333333333333,0E-20,109.4166666666666667,0E-20,236.9166666666666667,791.6250000000000000
2023-03-05 00:00:00+00:00,2023-03-06 00:00:00+00:00,PACE,1073.5000000000000000,29.2916666666666667,924.3750000000000000,0E-20,86.1666666666666667,0E-20,411.1250000000000000,558.9583333333333333
2023-03-06 00:00:00+00:00,2023-03-07 00:00:00+00:00,PACE,1942.0000000000000000,36.6250000000000000,1157.2083333333333333,0E-20,76.5833333333333333,0E-20,207.4166666666666667,444.9583333333333333
2023-03-07 00:00:00+00:00,2023-03-08 00:00:00+00:00,PACE,2009.3750000000000000,31.0833333333333333,1289.7916666666666667,0E-20,93.6666666666666667,0E-20,174.5416666666666667,249.8333333333333333
2023-03-08 00:00:00+00:00,2023-03-09 00:00:00+00:00,PACE,1761.7916666666666667,27.2916666666666667,645.4166666666666667,0E-20,81.7500000000000000,0E-20,158.1666666666666667,333.9583333333333333
2023-03-09 00:00:00+00:00,2023-03-10 00:00:00+00:00,PACE,1990.1250000000000000,29.2500000000000000,929.6250000000000000,0E-20,87.0000000000000000,0E-20,377.6666666666666667,800.2916666666666667
2023-03-10 00:00:00+00:00,2023-03-11 00:00:00+00:00,PACE,1969.6250000000000000,33.2083333333333333,1272.0833333333333333,0E-20,75.7083333333333333,0E-20,150.2916666666666667,1123.7083333333333333
2023-03-11 00:00:00+00:00,2023-03-12 00:00:00+00:00,PACE,1160.2916666666666667,26.2500000000000000,925.6666666666666667,0E-20,72.1666666666666667,0E-20,177.6666666666666667,1401.9583333333333333
2023-03-12 00:00:00+00:00,2023-03-13 00:00:00+00:00,PACE,1545.0416666666666667,35.5416666666666667,1091.9583333333333333,0E-20,91.2916666666666667,0E-20,279.7500000000000000,257.5833333333333333
2023-03-13 00:00:00+00:00,2023-03-14 00:00:00+00:00,PACE,1387.8333333333333333,36.6250000000000000,974.0416666666666667,0E-20,86.9583333333333333,0E-20,230.3750000000000000,634.9583333333333333
2023-03-14 00:00:00+00:00,2023-03-15 00:00:00+00:00,PACE,1403.5416666666666667,36.3750000000000000,927.7083333333333333,0E-20,96.2916666666666667,0E-20,154.2500000000000000,818.0833333333333333
2023-03-15 00:00:00+00:00,2023-03-16 00:00:00+00:00,PACE,1239.6666666666666667,37.9166666666666667,793.8333333333333333,0E-20,90.9583333333333333,0E-20,103.2916666666666667,1027.8750000000000000
2023-03-16 00:00:00+00:00,2023-03-17 00:00:00+00:00,PACE,1439.0416666666666667,32.7083333333333333,851.7083333333333333,0E-20,94.3750000000000000,0E-20,202.2083333333333333,702.4166666666666667
2023-03-17 00:00:00+00:00,2023-03-18 00:00:00+00:00,PACE,1255.0833333333333333,39.7916666666666667,839.3750000000000000,0E-20,61.6250000000000000,0E-20,445.8333333333333333,533.6250000000000000
2023-03-18 00:00:00+00:00,2023-03-19 00:00:00+00:00,PACE,1189.9166666666666667,37.0833333333333333,1017.9583333333333333,0E-20,111.1666666666666667,0E-20,505.8750000000000000,726.5416666666666667
2023-03-19 00:00:00+00:00,2023-03-20 00:00:00+00:00,PACE,901.5833333333333333,44.7500000000000000,1009.6666666666666667,0E-20,94.0833333333333333,0E-20,96.4166666666666667,1094.5416666666666667
2023-03-20 00:00:00+00:00,2023-03-21 00:00:00+00:00,PACE,1377.5000000000000000,33.9166666666666667,940.9583333333333333,0E-20,76.1250000000000000,0E-20,117.5833333333333333,575.9166666666666667
2023-03-21 00:00:00+00:00,2023-03-22 00:00:00+00:00,PACE,1467.9166666666666667,24.9583333333333333,707.2500000000000000,0E-20,87.0000000000000000,0E-20,193.4166666666666667,772.0000000000000000
2023-03-22 00:00:00+00:00,2023-03-23 00:00:00+00:00,PACE,1818.4166666666666667,36.6666666666666667,825.7083333333333333,0E-20,90.2500000000000000,0E-20,281.8750000000000000,171.6666666666666667
2023-03-23 00:00:00+00:00,2023-03-24 00:00:00+00:00,PACE,1264.5833333333333333,43.1250000000000000,715.7916666666666667,0E-20,76.0000000000000000,0E-20,197.3750000000000000,944.1250000000000000
2023-03-24 00:00:00+00:00,2023-03-25 00:00:00+00:00,PACE,803.1250000000000000,33.3333333333333333,698.6666666666666667,0E-20,75.2500000000000000,0E-20,303.3333333333333333,1031.1666666666666667
2023-03-25 00:00:00+00:00,2023-03-26 00:00:00+00:00,PACE,1069.9583333333333333,38.0416666666666667,880.7500000000000000,0E-20,71.7916666666666667,0E-20,377.2916666666666667,1480.5416666666666667
2023-03-26 00:00:00+00:00,2023-03-27 00:00:00+00:00,PACE,1138.4166666666666667,34.5416666666666667,1090.2083333333333333,0E-20,78.3333333333333333,0E-20,204.1666666666666667,861.2500000000000000
2023-03-27 00:00:00+00:00,2023-03-28 00:00:00+00:00,PACE,1182.3333333333333333,33.1666666666666667,1210.4583333333333333,0E-20,95.0416666666666667,0E-20,365.2500000000000000,401.2083333333333333
2023-03-28 00:00:00+00:00,2023-03-29 00:00:00+00:00,PACE,1352.7916666666666667,38.4166666666666667,719.4166666666666667,0E-20,110.0833333333333333,0E-20,436.0833333333333333,866.8750000000000000
2023-03-29 00:00:00+00:00,2023-03-30 00:00:00+00:00,PACE,1596.2916666666666667,34.2916666666666667,814.1666666666666667,0E-20,75.8333333333333333,0E-20,429.7500000000000000,367.4166666666666667
2023-03-30 00:00:00+00:00,2023-03-31 00:00:00+00:00,PACE,1700.0833333333333333,36.2500000000000000,862.7500000000000000,0E-20,81.0416666666666667,0E-20,267.4166666666666667,477.6250000000000000
2023-03-31 00:00:00+00:00,2023-04-01 00:00:00+00:00,PACE,1060.9583333333333333,36.2083333333333333,742.7083333333333333,0E-20,54.7500000000000000,0E-20,383.8750000000000000,1178.3750000000000000
2023-04-01 00:00:00+00:00,2023-04-02 00:00:00+00:00,PACE,736.6250000000000000,27.4166666666666667,621.6250000000000000,0E-20,81.7916666666666667,0E-20,443.7500000000000000,1703.0000000000000000
2023-04-02 00:00:00+00:00,2023-04-03 00:00:00+00:00,PACE,999.3750000000000000,29.8333333333333333,620.6666666666666667,0E-20,63.5833333333333333,0E-20,624.7916666666666667,1293.2083333333333333
2023-04-03 00:00:00+00:00,2023-04-04 00:00:00+00:00,PACE,1082.3750000000000000,38.7916666666666667,873.7500000000000000,0E-20,68.0416666666666667,0E-20,158.6666666666666667,609.5416666666666667
2023-04-04 00:00:00+00:00,2023-04-05 00:00:00+00:00,PACE,1325.2083333333333333,31.0833333333333333,978.5416666666666667,0E-20,85.8750000000000000,0E-20,339.6250000000000000,1295.3750000000000000
2023-04-05 00:00:00+00:00,2023-04-06 00:00:00+00:00,PACE,1543.2500000000000000,34.4583333333333333,987.5833333333333333,0E-20,98.7916666666666667,0E-20,334.1666666666666667,600.0416666666666667
2023-04-06 00:00:00+00:00,2023-04-07 00:00:00+00:00,PACE,1349.1666666666666667,47.5833333333333333,1193.8750000000000000,0E-20,94.5833333333333333,0E-20,404.5000000000000000,1642.0833333333333333
2023-04-07 00:00:00+00:00,2023-04-08 00:00:00+00:00,PACE,1431.0833333333333333,30.4583333333333333,610.1250000000000000,0E-20,89.4583333333333333,0E-20,384.5000000000000000,750.6250000000000000
2023-04-08 00:00:00+00:00,2023-04-09 00:00:00+00:00,PACE,950.6666666666666667,31.9583333333333333,454.3750000000000000,0E-20,65.8333333333333333,0E-20,285.9166666666666667,585.8333333333333333
2023-04-09 00:00:00+00:00,2023-04-10 00:00:00+00:00,PACE,923.5000000000000000,55.7500000000000000,1011.7083333333333333,0E-20,59.9583333333333333,0E-20,413.0833333333333333,884.5833333333333333
2023-04-10 00:00:00+00:00,2023-04-11 00:00:00+00:00,PACE,601.9166666666666667,44.7916666666666667,770.6666666666666667,0E-20,73.0833333333333333,0E-20,581.9583333333333333,973.1250000000000000
2023-04-11 00:00:00+00:00,2023-04-12 00:00:00+00:00,PACE,758.4583333333333333,31.2916666666666667,826.4166666666666667,0E-20,46.4166666666666667,0E-20,499.6666666666666667,823.1250000000000000
2023-04-12 00:00:00+00:00,2023-04-13 00:00:00+00:00,PACE,1045.2916666666666667,47.5833333333333333,648.7500000000000000,0E-20,70.7916666666666667,0E-20,218.7500000000000000,375.7916666666666667
2023-04-13 00:00:00+00:00,2023-04-14 00:00:00+00:00,PACE,1204.9583333333333333,39.2500000000000000,719.5000000000000000,0E-20,83.5416666666666667,0E-20,199.7916666666666667,996.2083333333333333
2023-04-14 00:00:00+00:00,2023-04-15 00:00:00+00:00,PACE,1107.1250000000000000,65.6250000000000000,964.4166666666666667,0E-20,69.6250000000000000,0E-20,466.5416666666666667,184.2500000000000000
2023-04-15 00:00:00+00:00,2023-04-16 00:00:00+00:00,PACE,1128.3750000000000000,78.0416666666666667,666.4166666666666667,0E-20,71.3333333333333333,0E-20,523.0416666666666667,493.3750000000000000
2023-04-16 00:00:00+00:00,2023-04-17 00:00:00+00:00,PACE,1491.4166666666666667,62.9583333333333333,892.0416666666666667,0E-20,92.7916666666666667,0E-20,430.0416666666666667,869.1666666666666667
2023-04-17 00:00:00+00:00,2023-04-18 00:00:00+00:00,PACE,1269.7500000000000000,57.2916666666666667,504.3333333333333333,0E-20,78.5833333333333333,0E-20,481.9583333333333333,974.9166666666666667
2023-04-18 00:00:00+00:00,2023-04-19 00:00:00+00:00,PACE,932.7916666666666667,58.2500000000000000,716.1666666666666667,0E-20,61.7500000000000000,0E-20,447.4166666666666667,605.0000000000000000
2023-04-19 00:00:00+00:00,2023-04-20 00:00:00+00:00,PACE,1371.2083333333333333,68.5000000000000000,725.1250000000000000,0E-20,81.5000000000000000,0E-20,412.0416666666666667,1390.8333333333333333
2023-04-20 00:00:00+00:00,2023-04-21 00:00:00+00:00,PACE,1097.7916666666666667,51.6250000000000000,521.1250000000000000,0E-20,71.2500000000000000,0E-20,287.7083333333333333,1124.2083333333333333
2023-04-21 00:00:00+00:00,2023-04-22 00:00:00+00:00,PACE,974.9166666666666667,55.4583333333333333,762.4583333333333333,0E-20,80.9166666666666667,0E-20,343.0416666666666667,1012.1666666666666667
2023-04-22 00:00:00+00:00,2023-04-23 00:00:00+00:00,PACE,1334.5000000000000000,50.7500000000000000,930.0000000000000000,0E-20,80.0416666666666667,0E-20,438.7500000000000000,224.2916666666666667
2023-04-23 00:00:00+00:00,2023-04-24 00:00:00+00:00,PACE,1171.9583333333333333,68.0833333333333333,872.1666666666666667,0E-20,92.1250000000000000,0E-20,337.9583333333333333,320.7916666666666667
2023-04-24 00:00:00+00:00,2023-04-25 00:00:00+00:00,PACE,1092.5000000000000000,60.4166666666666667,540.3333333333333333,0E-20,66.8750000000000000,0E-20,608.0416666666666667,448.8333333333333333
2023-04-25 00:00:00+00:00,2023-04-26 00:00:00+00:00,PACE,744.5833333333333333,52.5000000000000000,703.2500000000000000,0E-20,70.1666666666666667,0E-20,325.8333333333333333,527.2916666666666667
2023-04-26 00:00:00+00:00,2023-04-27 00:00:00+00:00,PACE,1232.5416666666666667,66.5833333333333333,644.2916666666666667,0E-20,59.2083333333333333,0E-20,594.1250000000000000,251.1666666666666667
2023-04-27 00:00:00+00:00,2023-04-28 00:00:00+00:00,PACE,1131.9583333333333333,86.7083333333333333,463.4166666666666667,0E-20,87.3750000000000000,0E-20,556.5833333333333333,646.1666666666666667
2023-04-28 00:00:00+00:00,2023-04-29 00:00:00+00:00,PACE,969.9166666666666667,81.9583333333333333,504.0416666666666667,0E-20,59.5000000000000000,0E-20,559.0416666666666667,834.6666666666666667
2023-04-29 00:00:00+00:00,2023-04-30 00:00:00+00:00,PACE,1154.5833333333333333,119.4583333333333333,406.2083333333333333,0E-20,81.3750000000000000,0E-20,303.0833333333333333,604.4166666666666667
2023-04-30 00:00:00+00:00,2023-05-01 00:00:00+00:00,PACE,760.0416666666666667,122.6666666666666667,841.7500000000000000,0E-20,107.6666666666666667,0E-20,701.8750000000000000,329.0416666666666667
2023-05-01 00:00:00+00:00,2023-05-02 00:00:00+00:00,PACE,1160.5000000000000000,152.2083333333333333,948.2500000000000000,0E-20,71.6250000000000000,0E-20,520.5000000000000000,335.8750000000000000
2023-05-02 00:00:00+00:00,2023-05-03 00:00:00+00:00,PACE,885.6666666666666667,126.3750000000000000,781.0000000000000000,0E-20,100.7500000000000000,0E-20,435.6250000000000000,883.9166666666666667
2023-05-03 00:00:00+00:00,2023-05-04 00:00:00+00:00,PACE,909.7500000000000000,118.0416666666666667,473.2916666666666667,0E-20,73.9583333333333333,0E-20,375.1666666666666667,414.6666666666666667
2023-05-04 00:00:00+00:00,2023-05-05 00:00:00+00:00,PACE,792.7083333333333333,139.6666666666666667,597.0833333333333333,0E-20,66.4583333333333333,0E-20,207.2500000000000000,252.4583333333333333
2023-05-05 00:00:00+00:00,2023-05-06 00:00:00+00:00,PACE,889.0416666666666667,125.0000000000000000,596.2916666666666667,0E-20,85.6250000000000000,0E-20,360.6250000000000000,500.4583333333333333
2023-05-06 00:00:00+00:00,2023-05-07 00:00:00+00:00,PACE,908.2500000000000000,100.2083333333333333,684.9166666666666667,0E-20,90.0000000000000000,0E-20,225.2916666666666667,1020.4583333333333333
2023-05-07 00:00:00+00:00,2023-05-08 00:00:00+00:00,PACE,908.3333333333333333,125.1666666666666667,672.8750000000000000,0E-20,66.5416666666666667,0E-20,414.7083333333333333,899.4166666666666667
2023-05-08 00:00:00+00:00,2023-05-09 00:00:00+00:00,PACE,643.0000000000000000,91.7500000000000000,464.7500000000000000,0E-20,71.5416666666666667,0E-20,361.6666666666666667,509.5833333333333333
2023-05-09 00:00:00+00:00,2023-05-10 00:00:00+00:00,PACE,763.5416666666666667,112.0000000000000000,597.9583333333333333,0E-20,90.2916666666666667,0E-20,598.1250000000000000,448.5000000000000000
2023-05-10 00:00:00+00:00,2023-05-11 00:00:00+00:00,PACE,757.3750000000000000,141.3750000000000000,857.0000000000000000,0E-20,75.7083333333333333,0E-20,267.1666666666666667,571.2916666666666667
2023-05-11 00:00:00+00:00,2023-05-12 00:00:00+00:00,PACE,692.5000000000000000,147.8333333333333333,853.9166666666666667,0E-20,65.9166666666666667,0E-20,464.8750000000000000,811.4166666666666667
2023-05-12 00:00:00+00:00,2023-05-13 00:00:00+00:00,PACE,717.8333333333333333,116.2083333333333333,579.0000000000000000,0E-20,76.8333333333333333,0E-20,416.2500000000000000,999.2083333333333333
2023-05-13 00:00:00+00:00,2023-05-14 00:00:00+00:00,PACE,570.3750000000000000,137.0000000000000000,576.1250000000000000,0E-20,52.5833333333333333,0E-20,182.7500000000000000,934.0000000000000000
2023-05-14 00:00:00+00:00,2023-05-15 00:00:00+00:00,PACE,848.5833333333333333,176.1250000000000000,838.9583333333333333,0E-20,83.1250000000000000,0E-20,323.6250000000000000,726.0000000000000000
2023-05-15 00:00:00+00:00,2023-05-16 00:00:00+00:00,PACE,1251.5416666666666667,206.1666666666666667,937.1250000000000000,0E-20,119.7500000000000000,0E-20,461.5000000000000000,886.0416666666666667
2023-05-16 00:00:00+00:00,2023-05-17 00:00:00+00:00,PACE,952.6250000000000000,138.7083333333333333,1080.6666666666666667,0E-20,100.8333333333333333,0E-20,327.3750000000000000,707.2500000000000000
2023-05-17 00:00:00+00:00,2023-05-18 00:00:00+00:00,PACE,1409.7083333333333333,206.9583333333333333,1107.6666666666666667,0E-20,123.2083333333333333,0E-20,529.6250000000000000,443.2500000000000000
2023-05-18 00:00:00+00:00,2023-05-19 00:00:00+00:00,PACE,1199.7916666666666667,180.2500000000000000,975.0833333333333333,0E-20,80.7916666666666667,0E-20,274.2916666666666667,339.0000000000000000
2023-05-19 00:00:00+00:00,2023-05-20 00:00:00+00:00,PACE,981.0416666666666667,141.2916666666666667,880.1250000000000000,0E-20,71.5000000000000000,0E-20,519.6250000000000000,113.5000000000000000
2023-05-20 00:00:00+00:00,2023-05-21 00:00:00+00:00,PACE,979.7500000000000000,212.8333333333333333,917.5833333333333333,0E-20,81.5000000000000000,0E-20,420.0416666666666667,312.0000000000000000
2023-05-21 00:00:00+00:00,2023-05-22 00:00:00+00:00,PACE,1168.8750000000000000,190.5833333333333333,724.6666666666666667,0E-20,90.0833333333333333,0E-20,441.6666666666666667,64.5833333333333333
2023-05-22 00:00:00+00:00,2023-05-23 00:00:00+00:00,PACE,1251.4583333333333333,159.5416666666666667,910.7916666666666667,0E-20,69.3333333333333333,0E-20,410.2500000000000000,190.2500000000000000
2023-05-23 00:00:00+00:00,2023-05-24 00:00:00+00:00,PACE,886.5000000000000000,169.7500000000000000,651.0416666666666667,0E-20,80.1666666666666667,0E-20,147.1666666666666667,278.2916666666666667
2023-05-24 00:00:00+00:00,2023-05-25 00:00:00+00:00,PACE,1300.3333333333333333,162.7083333333333333,1057.7083333333333333,0E-20,90.3750000000000000,0E-20,420.9583333333333333,277.1666666666666667
2023-05-25 00:00:00+00:00,2023-05-26 00:00:00+00:00,PACE,928.3750000000000000,155.7916666666666667,722.2916666666666667,0E-20,91.0833333333333333,0E-20,471.6666666666666667,321.3750000000000000
2023-05-26 00:00:00+00:00,2023-05-27 00:00:00+00:00,PACE,1019.7083333333333333,120.0000000000000000,902.1666666666666667,0E-20,98.3333333333333333,0E-20,452.7916666666666667,456.4583333333333333
2023-05-27 00:00:00+00:00,2023-05-28 00:00:00+00:00,PACE,1019.8333333333333333,130.7916666666666667,893.5000000000000000,0E-20,65.2500000000000000,0E-20,307.6250000000000000,329.7083333333333333
2023-05-28 00:00:00+00:00,2023-05-29 00:00:00+00:00,PACE,898.0000000000000000,132.1250000000000000,742.7500000000000000,0E-20,54.2500000000000000,0E-20,526.1250000000000000,386.0833333333333333
2023-05-29 00:00:00+00:00,2023-05-30 00:00:00+00:00,PACE,1139.0000000000000000,194.0000000000000000,851.1250000000000000,0E-20,95.4583333333333333,0E-20,388.7083333333333333,734.7083333333333333
2023-05-30 00:00:00+00:00,2023-05-31 00:00:00+00:00,PACE,883.9583333333333333,129.6666666666666667,533.7916666666666667,0E-20,78.6666666666666667,0E-20,453.6250000000000000,305.0833333333333333
2023-05-31 00:00:00+00:00,2023-06-01 00:00:00+00:00,PACE,1141.8333333333333333,154.1250000000000000,959.0000000000000000,0E-20,110.7083333333333333,0E-20,476.2083333333333333,197.3333333333333333
2023-06-01 00:00:00+00:00,2023-06-02 00:00:00+00:00,PACE,721.4166666666666667,136.4166666666666667,545.2500000000000000,0E-20,57.9583333333333333,0E-20,160.0833333333333333,393.0833333333333333
2023-06-02 00:00:00+00:00,2023-06-03 00:00:00+00:00,PACE,933.1250000000000000,114.0833333333333333,721.7500000000000000,0E-20,70.7916666666666667,0E-20,291.2083333333333333,214.7083333333333333
2023-06-03 00:00:00+00:00,2023-06-04 00:00:00+00:00,PACE,1184.9583333333333333,141.7083333333333333,641.4166666666666667,0E-20,92.1666666666666667,0E-20,376.2916666666666667,124.0000000000000000
2023-06-04 00:00:00+00:00,2023-06-05 00:00:00+00:00,PACE,1021.2916666666666667,94.8333333333333333,520.3750000000000000,0E-20,86.9166666666666667,0E-20,186.8333333333333333,543.2083333333333333
2023-06-05 00:00:00+00:00,2023-06-06 00:00:00+00:00,PACE,1105.1250000000000000,132.2916666666666667,858.8750000000000000,0E-20,47.2500000000000000,0E-20,355.4166666666666667,533.0416666666666667
2023-06-06 00:00:00+00:00,2023-06-07 00:00:00+00:00,PACE,1918.3750000000000000,151.2083333333333333,1031.8750000000000000,0E-20,72.3333333333333333,0E-20,346.3333333333333333,183.6666666666666667
2023-06-07 00:00:00+00:00,2023-06-08 00:00:00+00:00,PACE,2458.1250000000000000,156.8333333333333333,977.0000000000000000,0E-20,87.5000000000000000,0E-20,356.8333333333333333,210.8333333333333333
2023-06-08 00:00:00+00:00,2023-06-09 00:00:00+00:00,PACE,1347.0416666666666667,188.3333333333333333,912.2500000000000000,0E-20,99.1250000000000000,0E-20,370.1666666666666667,179.7916666666666667
2023-06-09 00:00:00+00:00,2023-06-10 00:00:00+00:00,PACE,1811.6250000000000000,146.9583333333333333,999.8333333333333333,0E-20,68.7500000000000000,0E-20,444.1666666666666667,188.8750000000000000
2023-06-10 00:00:00+00:00,2023-06-11 00:00:00+00:00,PACE,1887.6250000000000000,170.7500000000000000,863.0416666666666667,0E-20,101.6250000000000000,0E-20,452.5833333333333333,278.0000000000000000
2023-06-11 00:00:00+00:00,2023-06-12 00:00:00+00:00,PACE,1053.0416666666666667,140.0416666666666667,831.6666666666666667,0E-20,52.9583333333333333,0E-20,259.7500000000000000,325.9166666666666667
2023-06-12 00:00:00+00:00,2023-06-13 00:00:00+00:00,PACE,1436.9583333333333333,149.2083333333333333,654.6250000000000000,0E-20,75.7500000000000000,0E-20,343.1666666666666667,401.0416666666666667
2023-06-13 00:00:00+00:00,2023-06-14 00:00:00+00:00,PACE,1949.1250000000000000,176.7500000000000000,979.2916666666666667,0E-20,70.5833333333333333,0E-20,337.9583333333333333,77.3750000000000000
2023-06-14 00:00:00+00:00,2023-06-15 00:00:00+00:00,PACE,1153.8750000000000000,131.4166666666666667,960.5416666666666667,0E-20,69.5833333333333333,0E-20,352.5416666666666667,958.9166666666666667
2023-06-15 00:00:00+00:00,2023-06-16 00:00:00+00:00,PACE,1070.9583333333333333,128.7500000000000000,974.6666666666666667,0E-20,86.7083333333333333,0E-20,293.0416666666666667,1063.1666666666666667
2023-06-16 00:00:00+00:00,2023-06-17 00:00:00+00:00,PACE,1392.4583333333333333,140.2916666666666667,738.3333333333333333,0E-20,77.4166666666666667,0E-20,265.7916666666666667,432.7083333333333333
2023-06-17 00:00:00+00:00,2023-06-18 00:00:00+00:00,PACE,983.3333333333333333,111.7500000000000000,539.0416666666666667,0E-20,75.9583333333333333,0E-20,374.5000000000000000,413.9583333333333333
2023-06-18 00:00:00+00:00,2023-06-19 00:00:00+00:00,PACE,1070.0000000000000000,138.7083333333333333,814.3750000000000000,0E-20,77.7083333333333333,0E-20,326.0833333333333333,953.8333333333333333
2023-06-19 00:00:00+00:00,2023-06-20 00:00:00+00:00,PACE,1021.1666666666666667,155.8750000000000000,449.2500000000000000,0E-20,65.0833333333333333,0E-20,409.1666666666666667,667.1666666666666667
2023-06-20 00:00:00+00:00,2023-06-21 00:00:00+00:00,PACE,986.7500000000000000,135.4166666666666667,884.9583333333333333,0E-20,82.1666666666666667,0E-20,485.1250000000000000,537.2500000000000000
2023-06-21 00:00:00+00:00,2023-06-22 00:00:00+00:00,PACE,2284.0416666666666667,150.4166666666666667,656.3750000000000000,0E-20,61.2083333333333333,0E-20,677.3333333333333333,316.3333333333333333
2023-06-22 00:00:00+00:00,2023-06-23 00:00:00+00:00,PACE,1959.1666666666666667,156.4583333333333333,989.4166666666666667,0E-20,95.6250000000000000,0E-20,613.7916666666666667,643.9583333333333333
2023-06-23 00:00:00+00:00,2023-06-24 00:00:00+00:00,PACE,2021.6250000000000000,117.6666666666666667,720.5416666666666667,0E-20,42.0000000000000000,0E-20,455.8333333333333333,741.9583333333333333
2023-06-24 00:00:00+00:00,2023-06-25 00:00:00+00:00,PACE,944.0000000000000000,87.9583333333333333,402.8333333333333333,0E-20,65.1250000000000000,0E-20,470.5416666666666667,950.3333333333333333
2023-06-25 00:00:00+00:00,2023-06-26 00:00:00+00:00,PACE,1767.0000000000000000,117.3333333333333333,735.8333333333333333,0E-20,76.2500000000000000,0E-20,565.7083333333333333,147.1666666666666667
2023-06-26 00:00:00+00:00,2023-06-27 00:00:00+00:00,PACE,1431.7916666666666667,114.5833333333333333,718.8750000000000000,0E-20,69.7916666666666667,0E-20,384.8333333333333333,667.3333333333333333
2023-06-27 00:00:00+00:00,2023-06-28 00:00:00+00:00,PACE,1425.0416666666666667,102.9583333333333333,473.7083333333333333,0E-20,42.1666666666666667,0E-20,323.7916666666666667,444.9583333333333333
2023-06-28 00:00:00+00:00,2023-06-29 00:00:00+00:00,PACE,2461.8750000000000000,95.5416666666666667,1024.5833333333333333,0E-20,49.5416666666666667,0E-20,235.8333333333333333,198.1666666666666667
2023-06-29 00:00:00+00:00,2023-06-30 00:00:00+00:00,PACE,2662.5000000000000000,119.7916666666666667,724.9166666666666667,0E-20,86.6666666666666667,0E-20,465.0416666666666667,278.3750000000000000
2023-06-30 00:00:00+00:00,2023-07-01 00:00:00+00:00,PACE,2491.4583333333333333,97.5416666666666667,986.7083333333333333,0E-20,78.8750000000000000,0E-20,533.2916666666666667,214.2083333333333333
2023-07-01 00:00:00+00:00,2023-07-02 00:00:00+00:00,PACE,1988.0416666666666667,108.6666666666666667,476.0833333333333333,0E-20,77.5416666666666667,0E-20,475.2083333333333333,265.4166666666666667
2023-07-02 00:00:00+00:00,2023-07-03 00:00:00+00:00,PACE,1624.6666666666666667,121.7083333333333333,768.1250000000000000,0E-20,61.3750000000000000,0E-20,507.8333333333333333,440.6666666666666667
2023-07-03 00:00:00+00:00,2023-07-04 00:00:00+00:00,PACE,2207.2916666666666667,89.5416666666666667,841.0000000000000000,0E-20,84.5416666666666667,0E-20,230.8333333333333333,409.0000000000000000
2023-07-04 00:00:00+00:00,2023-07-05 00:00:00+00:00,PACE,1985.8750000000000000,100.0000000000000000,673.0416666666666667,0E-20,74.3750000000000000,0E-20,424.2083333333333333,508.2916666666666667
2023-07-05 00:00:00+00:00,2023-07-06 00:00:00+00:00,PACE,2761.2500000000000000,181.2500000000000000,904.2083333333333333,0E-20,66.4583333333333333,0E-20,513.8750000000000000,231.8333333333333333
2023-07-06 00:00:00+00:00,2023-07-07 00:00:00+00:00,PACE,2603.2916666666666667,127.6250000000000000,979.0000000000000000,0E-20,80.2916666666666667,0E-20,441.8750000000000000,438.6666666666666667
2023-07-07 00:00:00+00:00,2023-07-08 00:00:00+00:00,PACE,1883.1666666666666667,95.0416666666666667,826.8750000000000000,0E-20,91.2083333333333333,0E-20,435.0416666666666667,283.5833333333333333
2023-07-08 00:00:00+00:00,2023-07-09 00:00:00+00:00,PACE,2172.9583333333333333,185.4583333333333333,952.0833333333333333,0E-20,80.2500000000000000,0E-20,404.2916666666666667,388.4583333333333333
2023-07-09 00:00:00+00:00,2023-07-10 00:00:00+00:00,PACE,2449.6250000000000000,191.4583333333333333,817.9166666666666667,0E-20,98.0833333333333333,0E-20,292.5000000000000000,245.7083333333333333
2023-07-10 00:00:00+00:00,2023-07-11 00:00:00+00:00,PACE,2733.9583333333333333,175.2500000000000000,1247.1250000000000000,0E-20,68.0000000000000000,0E-20,609.7083333333333333,352.5000000000000000
2023-07-11 00:00:00+00:00,2023-07-12 00:00:00+00:00,PACE,2220.9166666666666667,185.3750000000000000,691.4583333333333333,0E-20,27.9166666666666667,0E-20,483.1250000000000000,672.1250000000000000
2023-07-12 00:00:00+00:00,2023-07-13 00:00:00+00:00,PACE,2503.1666666666666667,173.5416666666666667,1125.3333333333333333,0E-20,11.5416666666666667,0E-20,545.2083333333333333,534.6250000000000000
2023-07-13 00:00:00+00:00,2023-07-14 00:00:00+00:00,PACE,2111.8333333333333333,117.7083333333333333,1068.2916666666666667,0E-20,12.2500000000000000,0E-20,421.7500000000000000,325.1250000000000000
2023-07-14 00:00:00+00:00,2023-07-15 00:00:00+00:00,PACE,2406.5416666666666667,155.8333333333333333,1168.3750000000000000,0E-20,15.0416666666666667,0E-20,507.0416666666666667,534.5833333333333333
2023-07-15 00:00:00+00:00,2023-07-16 00:00:00+00:00,PACE,2813.2500000000000000,154.3750000000000000,1421.5416666666666667,0E-20,19.2083333333333333,0E-20,659.8333333333333333,395.9166666666666667
2023-07-16 00:00:00+00:00,2023-07-17 00:00:00+00:00,PACE,2513.9166666666666667,161.7500000000000000,1200.6250000000000000,0E-20,14.7916666666666667,0E-20,452.5833333333333333,451.0416666666666667
2023-07-17 00:00:00+00:00,2023-07-18 00:00:00+00:00,PACE,2364.6666666666666667,130.8750000000000000,901.7916666666666667,0E-20,9.6666666666666667,0E-20,660.6250000000000000,446.1250000000000000
2023-07-18 00:00:00+00:00,2023-07-19 00:00:00+00:00,PACE,1826.8333333333333333,150.7916666666666667,1269.7083333333333333,0E-20,10.0833333333333333,0E-20,341.2500000000000000,699.5416666666666667
2023-07-19 00:00:00+00:00,2023-07-20 00:00:00+00:00,PACE,2528.7916666666666667,151.5000000000000000,1182.0416666666666667,0E-20,17.0000000000000000,0E-20,522.2916666666666667,464.0416666666666667
2023-07-20 00:00:00+00:00,2023-07-21 00:00:00+00:00,PACE,2689.0000000000000000,178.5416666666666667,1271.5416666666666667,0E-20,14.3333333333333333,0E-20,569.5416666666666667,580.5000000000000000
2023-07-21 00:00:00+00:00,2023-07-22 00:00:00+00:00,PACE,2283.3333333333333333,179.5000000000000000,1177.3750000000000000,0E-20,16.0000000000000000,0E-20,430.8750000000000000,253.1250000000000000
2023-07-22 00:00:00+00:00,2023-07-23 00:00:00+00:00,PACE,2289.7500000000000000,171.5416666666666667,1089.3333333333333333,0E-20,13.8333333333333333,0E-20,530.5833333333333333,336.0416666666666667
2023-07-23 00:00:00+00:00,2023-07-24 00:00:00+00:00,PACE,2554.0416666666666667,154.4166666666666667,1149.5416666666666667,0E-20,11.9583333333333333,0E-20,325.2916666666666667,391.8750000000000000
2023-07-24 00:00:00+00:00,2023-07-25 00:00:00+00:00,PACE,3080.2083333333333333,157.4166666666666667,828.9583333333333333,0E-20,14.6250000000000000,0E-20,498.6250000000000000,512.2083333333333333
2023-07-25 00:00:00+00:00,2023-07-26 00:00:00+00:00,PACE,2487.5000000000000000,147.0416666666666667,904.6250000000000000,0E-20,13.7916666666666667,0E-20,501.7500000000000000,804.4583333333333333
2023-07-26 00:00:00+00:00,2023-07-27 00:00:00+00:00,PACE,2905.6666666666666667,158.0000000000000000,954.2083333333333333,0E-20,12.0833333333333333,0E-20,436.5833333333333333,734.0833333333333333
2023-07-27 00:00:00+00:00,2023-07-28 00:00:00+00:00,PACE,2955.6250000000000000,184.6250000000000000,1079.3750000000000000,0E-20,13.5833333333333333,0E-20,523.2916666666666667,604.9166666666666667
2023-07-28 00:00:00+00:00,2023-07-29 00:00:00+00:00,PACE,2524.7500000000000000,191.7083333333333333,1010.7916666666666667,0E-20,10.4166666666666667,0E-20,448.7500000000000000,317.1666666666666667
2023-07-29 00:00:00+00:00,2023-07-30 00:00:00+00:00,PACE,2102.1666666666666667,117.9166666666666667,1011.8333333333333333,0E-20,10.7500000000000000,0E-20,404.0416666666666667,374.0833333333333333
2023-07-30 00:00:00+00:00,2023-07-31 00:00:00+00:00,PACE,3425.0833333333333333,144.0833333333333333,981.9583333333333333,0E-20,10.9166666666666667,0E-20,257.5000000000000000,418.7083333333333333
2023-07-31 00:00:00+00:00,2023-08-01 00:00:00+00:00,PACE,3666.2916666666666667,201.2500000000000000,1344.0833333333333333,0E-20,17.3333333333333333,0E-20,200.6666666666666667,433.5416666666666667
2023-08-01 00:00:00+00:00,2023-08-02 00:00:00+00:00,PACE,2493.6250000000000000,171.2500000000000000,1164.0833333333333333,0E-20,36.5416666666666667,0E-20,325.7083333333333333,736.4166666666666667
2023-08-02 00:00:00+00:00,2023-08-03 00:00:00+00:00,PACE,3156.2083333333333333,132.4583333333333333,1121.2083333333333333,0E-20,57.8750000000000000,0E-20,375.0833333333333333,367.7083333333333333
2023-08-03 00:00:00+00:00,2023-08-04 00:00:00+00:00,PACE,2223.1250000000000000,168.2500000000000000,706.8750000000000000,0E-20,54.0000000000000000,0E-20,507.9583333333333333,353.2916666666666667
2023-08-04 00:00:00+00:00,2023-08-05 00:00:00+00:00,PACE,2373.3750000000000000,183.6666666666666667,1094.0416666666666667,0E-20,77.2916666666666667,0E-20,524.3750000000000000,793.2083333333333333
2023-08-05 00:00:00+00:00,2023-08-06 00:00:00+00:00,PACE,1957.9583333333333333,134.0000000000000000,1095.0833333333333333,0E-20,59.7500000000000000,0E-20,339.4166666666666667,698.7500000000000000
2023-08-06 00:00:00+00:00,2023-08-07 00:00:00+00:00,PACE,2764.4583333333333333,162.5416666666666667,942.9166666666666667,0E-20,68.1666666666666667,0E-20,397.1250000000000000,262.4583333333333333
2023-08-07 00:00:00+00:00,2023-08-08 00:00:00+00:00,PACE,3524.4166666666666667,149.3750000000000000,1077.4166666666666667,0E-20,77.0000000000000000,0E-20,656.7916666666666667,271.4166666666666667
2023-08-08 00:00:00+00:00,2023-08-09 00:00:00+00:00,PACE,2944.7083333333333333,122.6666666666666667,876.5000000000000000,0E-20,88.4166666666666667,0E-20,384.5833333333333333,255.5833333333333333
2023-08-09 00:00:00+00:00,2023-08-10 00:00:00+00:00,PACE,2826.4583333333333333,117.1250000000000000,663.9583333333333333,0E-20,80.7083333333333333,0E-20,253.7500000000000000,519.7916666666666667
2023-08-10 00:00:00+00:00,2023-08-11 00:00:00+00:00,PACE,1697.0416666666666667,112.6666666666666667,1005.6666666666666667,0E-20,56.5833333333333333,0E-20,230.8750000000000000,708.6666666666666667
2023-08-11 00:00:00+00:00,2023-08-12 00:00:00+00:00,PACE,2403.7083333333333333,95.2500000000000000,916.5416666666666667,0E-20,72.8333333333333333,0E-20,289.4166666666666667,596.3750000000000000
2023-08-12 00:00:00+00:00,2023-08-13 00:00:00+00:00,PACE,1988.5416666666666667,105.5416666666666667,1014.7500000000000000,0E-20,69.0416666666666667,0E-20,344.8750000000000000,401.0833333333333333
2023-08-13 00:00:00+00:00,2023-08-14 00:00:00+00:00,PACE,2104.8750000000000000,105.1666666666666667,811.8333333333333333,0E-20,80.6250000000000000,0E-20,291.2916666666666667,659.7083333333333333
2023-08-14 00:00:00+00:00,2023-08-15 00:00:00+00:00,PACE,3123.0833333333333333,126.6666666666666667,1293.2500000000000000,0E-20,77.3333333333333333,0E-20,510.5000000000000000,236.7083333333333333
2023-08-15 00:00:00+00:00,2023-08-16 00:00:00+00:00,PACE,2611.8750000000000000,111.5833333333333333,1359.9166666666666667,0E-20,86.3333333333333333,0E-20,253.2500000000000000,329.0416666666666667
2023-08-16 00:00:00+00:00,2023-08-17 00:00:00+00:00,PACE,3504.4583333333333333,115.7083333333333333,1377.3750000000000000,0E-20,80.7083333333333333,0E-20,451.4166666666666667,594.7083333333333333
2023-08-17 00:00:00+00:00,2023-08-18 00:00:00+00:00,PACE,3074.5000000000000000,135.5833333333333333,1581.0833333333333333,0E-20,108.3750000000000000,0E-20,296.1250000000000000,356.6250000000000000
2023-08-18 00:00:00+00:00,2023-08-19 00:00:00+00:00,PACE,1678.2916666666666667,109.0000000000000000,1155.2500000000000000,0E-20,57.1250000000000000,0E-20,298.7500000000000000,1141.3750000000000000
2023-08-19 00:00:00+00:00,2023-08-20 00:00:00+00:00,PACE,1914.2083333333333333,77.1250000000000000,793.8750000000000000,0E-20,68.7083333333333333,0E-20,305.2500000000000000,711.4583333333333333
2023-08-20 00:00:00+00:00,2023-08-21 00:00:00+00:00,PACE,1318.9583333333333333,103.3750000000000000,988.9583333333333333,0E-20,92.2500000000000000,0E-20,207.8750000000000000,662.1666666666666667
2023-08-21 00:00:00+00:00,2023-08-22 00:00:00+00:00,PACE,3398.4583333333333333,162.4583333333333333,1147.6666666666666667,0E-20,97.5416666666666667,0E-20,263.1250000000000000,693.3333333333333333
2023-08-22 00:00:00+00:00,2023-08-23 00:00:00+00:00,PACE,2839.5000000000000000,140.7083333333333333,1174.9166666666666667,0E-20,92.8750000000000000,0E-20,179.0416666666666667,598.9583333333333333
2023-08-23 00:00:00+00:00,2023-08-24 00:00:00+00:00,PACE,2275.3333333333333333,114.7916666666666667,857.4583333333333333,0E-20,94.7916666666666667,0E-20,369.2916666666666667,501.2083333333333333
2023-08-24 00:00:00+00:00,2023-08-25 00:00:00+00:00,PACE,2487.7083333333333333,83.8750000000000000,928.4166666666666667,0E-20,53.2916666666666667,0E-20,317.2500000000000000,328.4166666666666667
2023-08-25 00:00:00+00:00,2023-08-26 00:00:00+00:00,PACE,2110.6666666666666667,98.1250000000000000,745.8333333333333333,0E-20,70.5000000000000000,0E-20,281.4166666666666667,251.9166666666666667
2023-08-26 00:00:00+00:00,2023-08-27 00:00:00+00:00,PACE,2996.3750000000000000,153.0416666666666667,996.7916666666666667,0E-20,106.8750000000000000,0E-20,393.2500000000000000,591.7500000000000000
2023-08-27 00:00:00+00:00,2023-08-28 00:00:00+00:00,PACE,3029.9583333333333333,100.1250000000000000,983.9583333333333333,0E-20,83.9166666666666667,0E-20,160.2083333333333333,205.5000000000000000
2023-08-28 00:00:00+00:00,2023-08-29 00:00:00+00:00,PACE,2528.1666666666666667,115.7916666666666667,1078.9166666666666667,0E-20,83.0000000000000000,0E-20,512.2500000000000000,75.2500000000000000
2023-08-29 00:00:00+00:00,2023-08-30 00:00:00+00:00,PACE,3151.5833333333333333,130.7916666666666667,929.0000000000000000,0E-20,86.3333333333333333,0E-20,535.1250000000000000,157.3333333333333333
2023-08-30 00:00:00+00:00,2023-08-31 00:00:00+00:00,PACE,2303.5833333333333333,98.7500000000000000,847.6666666666666667,0E-20,80.9583333333333333,0E-20,478.0000000000000000,1189.6250000000000000
2023-08-31 00:00:00+00:00,2023-09-01 00:00:00+00:00,PACE,1752.5000000000000000,99.0000000000000000,1077.9583333333333333,0E-20,75.7916666666666667,0E-20,236.9166666666666667,796.0000000000000000
2023-09-01 00:00:00+00:00,2023-09-02 00:00:00+00:00,PACE,2193.5416666666666667,136.4583333333333333,968.5000000000000000,0E-20,68.8750000000000000,0E-20,64.6666666666666667,793.6250000000000000
2023-09-02 00:00:00+00:00,2023-09-03 00:00:00+00:00,PACE,1425.5000000000000000,69.3333333333333333,742.4583333333333333,0E-20,75.0416666666666667,0E-20,268.6250000000000000,773.9583333333333333
2023-09-03 00:00:00+00:00,2023-09-04 00:00:00+00:00,PACE,2430.2083333333333333,133.9166666666666667,1276.9166666666666667,0E-20,96.4583333333333333,0E-20,371.3750000000000000,592.5833333333333333
2023-09-04 00:00:00+00:00,2023-09-05 00:00:00+00:00,PACE,1517.7083333333333333,115.3333333333333333,954.0416666666666667,0E-20,71.3333333333333333,0E-20,292.8333333333333333,719.3333333333333333
2023-09-05 00:00:00+00:00,2023-09-06 00:00:00+00:00,PACE,1137.8333333333333333,96.0416666666666667,1005.8333333333333333,0E-20,77.2500000000000000,0E-20,504.7916666666666667,529.2916666666666667
2023-09-06 00:00:00+00:00,2023-09-07 00:00:00+00:00,PACE,1491.9166666666666667,57.5000000000000000,1029.0833333333333333,0E-20,64.9583333333333333,0E-20,241.6250000000000000,229.6666666666666667
2023-09-07 00:00:00+00:00,2023-09-08 00:00:00+00:00,PACE,1473.5000000000000000,55.6250000000000000,688.6250000000000000,0E-20,50.2916666666666667,0E-20,402.5000000000000000,493.0000000000000000
2023-09-08 00:00:00+00:00,2023-09-09 00:00:00+00:00,PACE,1916.8333333333333333,91.0000000000000000,865.6250000000000000,0E-20,62.8333333333333333,0E-20,246.5000000000000000,279.3333333333333333
2023-09-09 00:00:00+00:00,2023-09-10 00:00:00+00:00,PACE,3320.2083333333333333,114.1250000000000000,967.3333333333333333,0E-20,66.4166666666666667,0E-20,306.1666666666666667,344.5000000000000000
2023-09-10 00:00:00+00:00,2023-09-11 00:00:00+00:00,PACE,2254.8750000000000000,68.1666666666666667,1011.7083333333333333,0E-20,59.0833333333333333,0E-20,249.3333333333333333,512.7500000000000000
2023-09-11 00:00:00+00:00,2023-09-12 00:00:00+00:00,PACE,2613.2916666666666667,100.9583333333333333,1049.7916666666666667,0E-20,76.8750000000000000,0E-20,469.8333333333333333,136.8750000000000000
2023-09-12 00:00:00+00:00,2023-09-13 00:00:00+00:00,PACE,2276.2083333333333333,97.9583333333333333,1112.3750000000000000,0E-20,57.5416666666666667,0E-20,246.8750000000000000,286.7083333333333333
2023-09-13 00:00:00+00:00,2023-09-14 00:00:00+00:00,PACE,3239.0416666666666667,117.5833333333333333,1245.8333333333333333,0E-20,97.7500000000000000,0E-20,374.8750000000000000,406.7500000000000000
2023-09-14 00:00:00+00:00,2023-09-15 00:00:00+00:00,PACE,2846.4583333333333333,78.9166666666666667,943.9583333333333333,0E-20,88.7083333333333333,0E-20,283.0833333333333333,295.7083333333333333
2023-09-15 00:00:00+00:00,2023-09-16 00:00:00+00:00,PACE,1681.9166666666666667,97.4583333333333333,812.8333333333333333,0E-20,78.3333333333333333,0E-20,222.7916666666666667,44.5416666666666667
2023-09-16 00:00:00+00:00,2023-09-17 00:00:00+00:00,PACE,3118.9166666666666667,81.9583333333333333,811.9583333333333333,0E-20,94.3333333333333333,0E-20,391.7916666666666667,138.6666666666666667
2023-09-17 00:00:00+00:00,2023-09-18 00:00:00+00:00,PACE,1534.3750000000000000,87.5000000000000000,1273.4583333333333333,0E-20,108.4583333333333333,0E-20,450.9166666666666667,452.1250000000000000
2023-09-18 00:00:00+00:00,2023-09-19 00:00:00+00:00,PACE,1396.6250000000000000,98.5000000000000000,1073.7916666666666667,0E-20,83.2500000000000000,0E-20,363.3750000000000000,589.0416666666666667
2023-09-19 00:00:00+00:00,2023-09-20 00:00:00+00:00,PACE,2071.4166666666666667,104.1666666666666667,1417.2500000000000000,0E-20,76.1250000000000000,0E-20,187.7083333333333333,965.1250000000000000
2023-09-20 00:00:00+00:00,2023-09-21 00:00:00+00:00,PACE,1272.7083333333333333,76.4583333333333333,607.8333333333333333,0E-20,68.4166666666666667,0E-20,343.2500000000000000,646.1666666666666667
2023-09-21 00:00:00+00:00,2023-09-22 00:00:00+00:00,PACE,1528.6250000000000000,90.5000000000000000,1145.9166666666666667,0E-20,66.0416666666666667,0E-20,358.5000000000000000,423.3750000000000000
2023-09-22 00:00:00+00:00,2023-09-23 00:00:00+00:00,PACE,2288.1666666666666667,91.7916666666666667,984.5000000000000000,0E-20,100.5000000000000000,0E-20,426.5416666666666667,1091.5416666666666667
2023-09-23 00:00:00+00:00,2023-09-24 00:00:00+00:00,PACE,1671.2083333333333333,114.8333333333333333,971.2916666666666667,0E-20,121.2916666666666667,0E-20,414.5833333333333333,1503.0416666666666667
2023-09-24 00:00:00+00:00,2023-09-25 00:00:00+00:00,PACE,1522.5833333333333333,109.1250000000000000,1186.2083333333333333,0E-20,102.7083333333333333,0E-20,491.0416666666666667,699.7083333333333333
2023-09-25 00:00:00+00:00,2023-09-26 00:00:00+00:00,PACE,2101.1666666666666667,118.5833333333333333,937.3333333333333333,0E-20,78.3333333333333333,0E-20,393.8333333333333333,441.8333333333333333
2023-09-26 00:00:00+00:00,2023-09-27 00:00:00+00:00,PACE,2132.8333333333333333,90.2916666666666667,1164.9583333333333333,0E-20,88.8750000000000000,0E-20,290.7916666666666667,489.0833333333333333
2023-09-27 00:00:00+00:00,2023-09-28 00:00:00+00:00,PACE,1988.2083333333333333,103.7916666666666667,964.5833333333333333,0E-20,84.4583333333333333,0E-20,491.2916666666666667,424.3750000000000000
2023-09-28 00:00:00+00:00,2023-09-29 00:00:00+00:00,PACE,1676.5833333333333333,79.7500000000000000,944.2916666666666667,0E-20,73.6666666666666667,0E-20,415.7083333333333333,681.9583333333333333
2023-09-29 00:00:00+00:00,2023-09-30 00:00:00+00:00,PACE,1645.2916666666666667,82.4166666666666667,848.3333333333333333,0E-20,84.5000000000000000,0E-20,408.7916666666666667,350.2916666666666667
2023-09-30 00:00:00+00:00,2023-10-01 00:00:00+00:00,PACE,2357.9166666666666667,79.7500000000000000,1012.5416666666666667,0E-20,118.0000000000000000,0E-20,313.6666666666666667,592.0416666666666667
2023-10-01 00:00:00+00:00,2023-10-02 00:00:00+00:00,PACE,1836.2916666666666667,83.8333333333333333,744.0416666666666667,0E-20,76.8750000000000000,0E-20,183.6666666666666667,547.3333333333333333
2023-10-02 00:00:00+00:00,2023-10-03 00:00:00+00:00,PACE,1922.6250000000000000,65.5833333333333333,686.7916666666666667,0E-20,101.8750000000000000,0E-20,241.5000000000000000,430.3333333333333333
2023-10-03 00:00:00+00:00,2023-10-04 00:00:00+00:00,PACE,1667.0000000000000000,53.7083333333333333,664.8750000000000000,0E-20,96.3333333333333333,0E-20,165.2083333333333333,680.3333333333333333
2023-10-04 00:00:00+00:00,2023-10-05 00:00:00+00:00,PACE,2059.7083333333333333,65.9583333333333333,644.0000000000000000,0E-20,95.0833333333333333,0E-20,429.4583333333333333,923.9166666666666667
2023-10-05 00:00:00+00:00,2023-10-06 00:00:00+00:00,PACE,2193.5416666666666667,79.0000000000000000,786.7916666666666667,0E-20,112.2083333333333333,0E-20,229.1250000000000000,536.9166666666666667
2023-10-06 00:00:00+00:00,2023-10-07 00:00:00+00:00,PACE,2389.2083333333333333,53.0833333333333333,678.4166666666666667,0E-20,95.1666666666666667,0E-20,487.4166666666666667,354.1250000000000000
2023-10-07 00:00:00+00:00,2023-10-08 00:00:00+00:00,PACE,2116.5833333333333333,48.1666666666666667,738.9166666666666667,0E-20,116.4166666666666667,0E-20,349.3333333333333333,219.2083333333333333
2023-10-08 00:00:00+00:00,2023-10-09 00:00:00+00:00,PACE,2027.2500000000000000,56.2916666666666667,601.5833333333333333,0E-20,92.8333333333333333,0E-20,301.4166666666666667,174.7083333333333333
2023-10-09 00:00:00+00:00,2023-10-10 00:00:00+00:00,PACE,2645.7500000000000000,59.7083333333333333,776.2916666666666667,0E-20,102.6666666666666667,0E-20,356.3333333333333333,365.5416666666666667
2023-10-10 00:00:00+00:00,2023-10-11 00:00:00+00:00,PACE,2037.8750000000000000,34.3333333333333333,667.9583333333333333,0E-20,68.7500000000000000,0E-20,253.4166666666666667,265.2500000000000000
2023-10-11 00:00:00+00:00,2023-10-12 00:00:00+00:00,PACE,1615.8333333333333333,45.7916666666666667,548.5833333333333333,0E-20,81.3333333333333333,0E-20,263.0416666666666667,529.0000000000000000
2023-10-12 00:00:00+00:00,2023-10-13 00:00:00+00:00,PACE,1879.0000000000000000,52.0000000000000000,774.2083333333333333,0E-20,96.1666666666666667,0E-20,323.2500000000000000,646.2083333333333333
2023-10-13 00:00:00+00:00,2023-10-14 00:00:00+00:00,PACE,2531.7083333333333333,55.3333333333333333,578.7916666666666667,0E-20,84.0833333333333333,0E-20,443.5000000000000000,502.9166666666666667
2023-10-14 00:00:00+00:00,2023-10-15 00:00:00+00:00,PACE,2569.6666666666666667,48.2500000000000000,918.6250000000000000,0E-20,100.7500000000000000,0E-20,292.7500000000000000,343.3333333333333333
2023-10-15 00:00:00+00:00,2023-10-16 00:00:00+00:00,PACE,2076.8333333333333333,50.1250000000000000,745.9583333333333333,0E-20,113.1250000000000000,0E-20,445.5416666666666667,240.0833333333333333
2023-10-16 00:00:00+00:00,2023-10-17 00:00:00+00:00,PACE,2336.3750000000000000,46.7916666666666667,544.6666666666666667,0E-20,79.8333333333333333,0E-20,156.2916666666666667,246.9583333333333333
2023-10-17 00:00:00+00:00,2023-10-18 00:00:00+00:00,PACE,1692.1250000000000000,48.4583333333333333,438.1250000000000000,0E-20,67.2916666666666667,0E-20,244.0416666666666667,780.3333333333333333
2023-10-18 00:00:00+00:00,2023-10-19 00:00:00+00:00,PACE,1325.5833333333333333,38.9583333333333333,553.3750000000000000,0E-20,63.7500000000000000,0E-20,269.9166666666666667,453.2083333333333333
2023-10-19 00:00:00+00:00,2023-10-20 00:00:00+00:00,PACE,1257.7500000000000000,38.3750000000000000,439.3333333333333333,0E-20,75.2083333333333333,0E-20,274.9166666666666667,682.5833333333333333
2023-10-20 00:00:00+00:00,2023-10-21 00:00:00+00:00,PACE,2071.0416666666666667,47.5000000000000000,479.3750000000000000,0E-20,103.9166666666666667,0E-20,343.3333333333333333,618.3333333333333333
2023-10-21 00:00:00+00:00,2023-10-22 00:00:00+00:00,PACE,2957.2916666666666667,50.7500000000000000,592.2500000000000000,0E-20,86.3333333333333333,0E-20,311.1666666666666667,109.9166666666666667
2023-10-22 00:00:00+00:00,2023-10-23 00:00:00+00:00,PACE,2387.2083333333333333,36.0833333333333333,563.0000000000000000,0E-20,115.1250000000000000,0E-20,329.3333333333333333,492.6666666666666667
2023-10-23 00:00:00+00:00,2023-10-24 00:00:00+00:00,PACE,1468.2083333333333333,37.3333333333333333,773.8750000000000000,0E-20,68.6250000000000000,0E-20,188.7083333333333333,381.6250000000000000
2023-10-24 00:00:00+00:00,2023-10-25 00:00:00+00:00,PACE,1733.5833333333333333,29.0000000000000000,855.1250000000000000,0E-20,76.2083333333333333,0E-20,187.0416666666666667,260.3750000000000000
2023-10-25 00:00:00+00:00,2023-10-26 00:00:00+00:00,PACE,1842.7916666666666667,37.8333333333333333,659.2916666666666667,0E-20,80.9166666666666667,0E-20,175.9166666666666667,514.7083333333333333
2023-10-26 00:00:00+00:00,2023-10-27 00:00:00+00:00,PACE,2382.5000000000000000,34.5833333333333333,686.4583333333333333,0E-20,45.5416666666666667,0E-20,92.0416666666666667,555.9583333333333333
2023-10-27 00:00:00+00:00,2023-10-28 00:00:00+00:00,PACE,1998.8333333333333333,40.5000000000000000,546.4583333333333333,0E-20,94.0416666666666667,0E-20,188.3333333333333333,542.6666666666666667
2023-10-28 00:00:00+00:00,2023-10-29 00:00:00+00:00,PACE,1315.0000000000000000,36.9583333333333333,585.6666666666666667,0E-20,59.1250000000000000,0E-20,121.2083333333333333,92.9583333333333333
2023-10-29 00:00:00+00:00,2023-10-30 00:00:00+00:00,PACE,1812.2500000000000000,36.5416666666666667,696.7083333333333333,0E-20,82.1250000000000000,0E-20,249.2500000000000000,427.4166666666666667
2023-10-30 00:00:00+00:00,2023-10-31 00:00:00+00:00,PACE,2335.2916666666666667,32.4166666666666667,573.2916666666666667,0E-20,47.1250000000000000,0E-20,151.7500000000000000,839.2083333333333333
2023-10-31 00:00:00+00:00,2023-11-01 00:00:00+00:00,PACE,1862.8333333333333333,24.5000000000000000,505.2916666666666667,0E-20,52.8750000000000000,0E-20,125.7500000000000000,625.0833333333333333
2023-11-01 00:00:00+00:00,2023-11-02 00:00:00+00:00,PACE,2894.5000000000000000,25.8333333333333333,439.5000000000000000,0E-20,58.8333333333333333,0E-20,5.1666666666666667,252.6666666666666667
