interval_start_utc,interval_end_utc,respondent,load,load_forecast,net_generation,total_interchange
2022-11-01 00:00:00+00:00,2022-11-02 00:00:00+00:00,PACE,5179.2307692307692308,5323.8000000000000000,6625.1818181818181818,1344.3333333333333333
2022-11-02 00:00:00+00:00,2022-11-03 00:00:00+00:00,PACE,5367.2500000000000000,5594.2500000000000000,6041.4375000000000000,349.1250000000000000
2022-11-03 00:00:00+00:00,2022-11-04 00:00:00+00:00,PACE,5658.9285714285714286,5622.0714285714285714,5332.2631578947368421,-139.6111111111111111
2022-11-04 00:00:00+00:00,2022-11-05 00:00:00+00:00,PACE,5772.2857142857142857,5750.1250000000000000,5949.0000000000000000,341.9375000000000000
2022-11-05 00:00:00+00:00,2022-11-06 00:00:00+00:00,PACE,5524.1764705882352941,5484.4705882352941176,6041.9285714285714286,343.1333333333333333
2022-11-06 00:00:00+00:00,2022-11-07 00:00:00+00:00,PACE,5441.2105263157894737,5387.9333333333333333,5968.1875000000000000,508.1052631578947368
2022-11-07 00:00:00+00:00,2022-11-08 00:00:00+00:00,PACE,5571.2142857142857143,5590.3846153846153846,6594.7777777777777778,1071.0000000000000000
2022-11-08 00:00:00+00:00,2022-11-09 00:00:00+00:00,PACE,5608.8666666666666667,5576.5555555555555556,5944.9473684210526316,379.7058823529411765
2022-11-09 00:00:00+00:00,2022-11-10 00:00:00+00:00,PACE,5678.5000000000000000,5860.5789473684210526,5806.1250000000000000,114.2000000000000000
2022-11-10 00:00:00+00:00,2022-11-11 00:00:00+00:00,PACE,5835.5625000000000000,6079.4545454545454545,6436.7058823529411765,507.7500000000000000
2022-11-11 00:00:00+00:00,2022-11-12 00:00:00+00:00,PACE,5709.3333333333333333,5995.5882352941176471,6711.1500000000000000,1199.8888888888888889
2022-11-12 00:00:00+00:00,2022-11-13 00:00:00+00:00,PACE,5508.2500000000000000,5705.2222222222222222,6673.6666666666666667,1075.8235294117647059
2022-11-13 00:00:00+00:00,2022-11-14 00:00:00+00:00,PACE,5463.8750000000000000,5645.7142857142857143,6046.4166666666666667,475.9375000000000000
2022-11-14 00:00:00+00:00,2022-11-15 00:00:00+00:00,PACE,5643.5625000000000000,5862.2941176470588235,6816.5333333333333333,1063.9333333333333333
2022-11-15 00:00:00+00:00,2022-11-16 00:00:00+00:00,PACE,5719.9230769230769231,6040.9411764705882353,6580.0625000000000000,996.1538461538461538
2022-11-16 00:00:00+00:00,2022-11-17 00:00:00+00:00,PACE,5695.2500000000000000,5925.6000000000000000,6686.2666666666666667,965.7894736842105263
2022-11-17 00:00:00+00:00,2022-11-18 00:00:00+00:00,PACE,5667.2352941176470588,6064.7333333333333333,6859.5882352941176471,1175.2777777777777778
2022-11-18 00:00:00+00:00,2022-11-19 00:00:00+00:00,PACE,5764.5500000000000000,6066.0000000000000000,6660.9285714285714286,965.2500000000000000
2022-11-19 00:00:00+00:00,2022-11-20 00:00:00+00:00,PACE,5755.7647058823529412,5849.1250000000000000,6069.2857142857142857,222.7647058823529412
2022-11-20 00:00:00+00:00,2022-11-21 00:00:00+00:00,PACE,5646.4117647058823529,5829.0000000000000000,6473.4705882352941176,776.3000000000000000
2022-11-21 00:00:00+00:00,2022-11-22 00:00:00+00:00,PACE,5969.5333333333333333,5944.6500000000000000,6790.2307692307692308,863.2666666666666667
2022-11-22 00:00:00+00:00,2022-11-23 00:00:00+00:00,PACE,5789.5882352941176471,6001.8461538461538462,6654.0000000000000000,825.0666666666666667
2022-11-23 00:00:00+00:00,2022-11-24 00:00:00+00:00,PACE,5950.0526315789473684,6020.6000000000000000,6803.4375000000000000,931.9230769230769231
2022-11-24 00:00:00+00:00,2022-11-25 00:00:00+00:00,PACE,5615.3333333333333333,5846.3571428571428571,6279.3157894736842105,745.5333333333333333
2022-11-25 00:00:00+00:00,2022-11-26 00:00:00+00:00,PACE,5205.0000000000000000,5622.9375000000000000,6381.0769230769230769,1085.1666666666666667
2022-11-26 00:00:00+00:00,2022-11-27 00:00:00+00:00,PACE,5435.1764705882352941,5728.3333333333333333,6239.7142857142857143,814.2222222222222222
2022-11-27 00:00:00+00:00,2022-11-28 00:00:00+00:00,PACE,5374.5714285714285714,5586.1428571428571429,6316.5714285714285714,1042.3571428571428571
2022-11-28 00:00:00+00:00,2022-11-29 00:00:00+00:00,PACE,5699.6875000000000000,5753.3333333333333333,6941.0000000000000000,1240.0000000000000000
2022-11-29 00:00:00+00:00,2022-11-30 00:00:00+00:00,PACE,5860.2000000000000000,6173.5625000000000000,6912.4375000000000000,942.0588235294117647
2022-11-30 00:00:00+00:00,2022-12-01 00:00:00+00:00,PACE,5663.2105263157894737,6364.5789473684210526,7620.0666666666666667,1807.6875000000000000
2022-12-01 00:00:00+00:00,2022-12-02 00:00:00+00:00,PACE,5443.4000000000000000,6189.4285714285714286,7078.9333333333333333,1526.1111111111111111
2022-12-02 00:00:00+00:00,2022-12-03 00:00:00+00:00,PACE,5577.2631578947368421,6158.1428571428571429,7150.3000000000000000,1578.1176470588235294
2022-12-03 00:00:00+00:00,2022-12-04 00:00:00+00:00,PACE,5518.4117647058823529,6057.5000000000000000,6791.7777777777777778,1197.1500000000000000
2022-12-04 00:00:00+00:00,2022-12-05 00:00:00+00:00,PACE,5448.3333333333333333,5973.6153846153846154,6741.7333333333333333,1327.7058823529411765
2022-12-05 00:00:00+00:00,2022-12-06 00:00:00+00:00,PACE,5751.0666666666666667,6378.1875000000000000,6830.1333333333333333,1183.8095238095238095
2022-12-06 00:00:00+00:00,2022-12-07 00:00:00+00:00,PACE,5879.8823529411764706,6394.0000000000000000,6443.7222222222222222,601.8500000000000000
2022-12-07 00:00:00+00:00,2022-12-08 00:00:00+00:00,PACE,5853.6428571428571429,6447.3333333333333333,6494.0588235294117647,716.5625000000000000
2022-12-08 00:00:00+00:00,2022-12-09 00:00:00+00:00,PACE,5832.1428571428571429,6611.0000000000000000,7007.8750000000000000,978.2142857142857143
2022-12-09 00:00:00+00:00,2022-12-10 00:00:00+00:00,PACE,5915.8000000000000000,6452.7272727272727273,7431.1875000000000000,1502.2142857142857143
2022-12-10 00:00:00+00:00,2022-12-11 00:00:00+00:00,PACE,5711.2352941176470588,5979.9230769230769231,6970.1428571428571429,1168.8571428571428571
2022-12-11 00:00:00+00:00,2022-12-12 00:00:00+00:00,PACE,5465.8666666666666667,5964.0588235294117647,6916.6923076923076923,1448.0000000000000000
2022-12-12 00:00:00+00:00,2022-12-13 00:00:00+00:00,PACE,5828.6470588235294118,6393.7333333333333333,6693.1764705882352941,867.6250000000000000
2022-12-13 00:00:00+00:00,2022-12-14 00:00:00+00:00,PACE,6162.3846153846153846,6443.9411764705882353,6934.3529411764705882,621.7058823529411765
2022-12-14 00:00:00+00:00,2022-12-15 00:00:00+00:00,PACE,6349.1875000000000000,6647.5789473684210526,7103.3333333333333333,715.6666666666666667
2022-12-15 00:00:00+00:00,2022-12-16 00:00:00+00:00,PACE,6347.3125000000000000,6711.6875000000000000,7130.6923076923076923,782.0000000000000000
2022-12-16 00:00:00+00:00,2022-12-17 00:00:00+00:00,PACE,6578.0000000000000000,6689.6666666666666667,7273.3333333333333333,626.1666666666666667
2022-12-17 00:00:00+00:00,2022-12-18 00:00:00+00:00,PACE,6308.4705882352941176,6510.8500000000000000,7139.4285714285714286,945.3333333333333333
2022-12-18 00:00:00+00:00,2022-12-19 00:00:00+00:00,PACE,6224.5263157894736842,6340.2142857142857143,7038.2666666666666667,781.3846153846153846
2022-12-19 00:00:00+00:00,2022-12-20 00:00:00+00:00,PACE,6433.2352941176470588,6713.4117647058823529,7320.8000000000000000,1002.4000000000000000
2022-12-20 00:00:00+00:00,2022-12-21 00:00:00+00:00,PACE,6261.5000000000000000,6608.7500000000000000,7581.7333333333333333,1185.8823529411764706
2022-12-21 00:00:00+00:00,2022-12-22 00:00:00+00:00,PACE,6385.7647058823529412,6524.1176470588235294,7561.6111111111111111,1147.5625000000000000
2022-12-22 00:00:00+00:00,2022-12-23 00:00:00+00:00,PACE,6212.7222222222222222,6729.9375000000000000,6963.7692307692307692,758.5714285714285714
2022-12-23 00:00:00+00:00,2022-12-24 00:00:00+00:00,PACE,6174.7500000000000000,6729.6666666666666667,7517.2142857142857143,1151.0000000000000000
2022-12-24 00:00:00+00:00,2022-12-25 00:00:00+00:00,PACE,5698.5882352941176471,6427.3333333333333333,7440.8571428571428571,1387.4166666666666667
2022-12-25 00:00:00+00:00,2022-12-26 00:00:00+00:00,PACE,5341.5000000000000000,5871.2307692307692308,7225.3571428571428571,1738.8461538461538462
2022-12-26 00:00:00+00:00,2022-12-27 00:00:00+00:00,PACE,5584.9090909090909091,6063.5000000000000000,7398.9166666666666667,1864.1428571428571429
2022-12-27 00:00:00+00:00,2022-12-28 00:00:00+00:00,PACE,5957.7647058823529412,6343.5000000000000000,7340.9285714285714286,1206.1538461538461538
2022-12-28 00:00:00+00:00,2022-12-29 00:00:00+00:00,PACE,6145.1111111111111111,6190.2000000000000000,6840.2352941176470588,810.0500000000000000
2022-12-29 00:00:00+00:00,2022-12-30 00:00:00+00:00,PACE,6194.0000000000000000,6212.8181818181818182,6843.1666666666666667,536.7500000000000000
2022-12-30 00:00:00+00:00,2022-12-31 00:00:00+00:00,PACE,6187.2631578947368421,6343.7272727272727273,6626.5384615384615385,479.2941176470588235
2022-12-31 00:00:00+00:00,2023-01-01 00:00:00+00:00,PACE,6043.0000000000000000,6031.6315789473684211,6669.7500000000000000,577.6111111111111111
2023-01-01 00:00:00+00:00,2023-01-02 00:00:00+00:00,PACE,5807.0000000000000000,5837.2105263157894737,6068.1176470588235294,142.9444444444444444
2023-01-02 00:00:00+00:00,2023-01-03 00:00:00+00:00,PACE,6143.4285714285714286,6217.6153846153846154,6914.9375000000000000,938.3333333333333333
2023-01-03 00:00:00+00:00,2023-01-04 00:00:00+00:00,PACE,6231.8888888888888889,6514.6666666666666667,6873.4761904761904762,607.8750000000000000
2023-01-04 00:00:00+00:00,2023-01-05 00:00:00+00:00,PACE,6197.2777777777777778,6408.8235294117647059,7277.7647058823529412,1054.8750000000000000
2023-01-05 00:00:00+00:00,2023-01-06 00:00:00+00:00,PACE,6257.6250000000000000,6189.4000000000000000,7404.0000000000000000,1181.8000000000000000
2023-01-06 00:00:00+00:00,2023-01-07 00:00:00+00:00,PACE,6235.9230769230769231,6218.7500000000000000,6886.2307692307692308,661.8125000000000000
2023-01-07 00:00:00+00:00,2023-01-08 00:00:00+00:00,PACE,5978.7692307692307692,5992.1428571428571429,6875.9411764705882353,1006.2352941176470588
2023-01-08 00:00:00+00:00,2023-01-09 00:00:00+00:00,PACE,5901.7000000000000000,5893.7058823529411765,6992.0000000000000000,1180.3529411764705882
2023-01-09 00:00:00+00:00,2023-01-10 00:00:00+00:00,PACE,5947.9411764705882353,6128.7058823529411765,7171.4705882352941176,1226.7222222222222222
2023-01-10 00:00:00+00:00,2023-01-11 00:00:00+00:00,PACE,5971.7222222222222222,6241.8125000000000000,7113.8888888888888889,1191.0000000000000000
2023-01-11 00:00:00+00:00,2023-01-12 00:00:00+00:00,PACE,5835.9500000000000000,6286.1764705882352941,7045.7142857142857143,1315.7000000000000000
2023-01-12 00:00:00+00:00,2023-01-13 00:00:00+00:00,PACE,5865.2666666666666667,6273.4000000000000000,7240.2727272727272727,1168.8571428571428571
2023-01-13 00:00:00+00:00,2023-01-14 00:00:00+00:00,PACE,5700.6111111111111111,6202.5454545454545455,6805.2500000000000000,1085.4705882352941176
2023-01-14 00:00:00+00:00,2023-01-15 00:00:00+00:00,PACE,5611.7058823529411765,5895.4375000000000000,7182.8421052631578947,1695.7619047619047619
2023-01-15 00:00:00+00:00,2023-01-16 00:00:00+00:00,PACE,5593.9411764705882353,5814.1500000000000000,6851.3571428571428571,1233.1333333333333333
2023-01-16 00:00:00+00:00,2023-01-17 00:00:00+00:00,PACE,5987.3529411764705882,6038.5714285714285714,7148.6190476190476190,1098.2631578947368421
2023-01-17 00:00:00+00:00,2023-01-18 00:00:00+00:00,PACE,6084.0588235294117647,6318.7222222222222222,6505.3333333333333333,357.7368421052631579
2023-01-18 00:00:00+00:00,2023-01-19 00:00:00+00:00,PACE,5794.0000000000000000,6475.3333333333333333,6897.7368421052631579,1023.6250000000000000
2023-01-19 00:00:00+00:00,2023-01-20 00:00:00+00:00,PACE,6103.4666666666666667,6402.6153846153846154,7010.5882352941176471,829.4666666666666667
2023-01-20 00:00:00+00:00,2023-01-21 00:00:00+00:00,PACE,6307.3888888888888889,6411.8333333333333333,6955.5000000000000000,710.7368421052631579
2023-01-21 00:00:00+00:00,2023-01-22 00:00:00+00:00,PACE,6094.3157894736842105,6246.3000000000000000,7382.2631578947368421,1255.5000000000000000
2023-01-22 00:00:00+00:00,2023-01-23 00:00:00+00:00,PACE,6176.1500000000000000,6198.2105263157894737,7028.1764705882352941,756.7222222222222222
2023-01-23 00:00:00+00:00,2023-01-24 00:00:00+00:00,PACE,6133.9473684210526316,6453.8947368421052632,6923.1052631578947368,773.5000000000000000
2023-01-24 00:00:00+00:00,2023-01-25 00:00:00+00:00,PACE,6231.8421052631578947,6516.1000000000000000,7327.3750000000000000,1198.9333333333333333
2023-01-25 00:00:00+00:00,2023-01-26 00:00:00+00:00,PACE,6168.7500000000000000,6505.0625000000000000,7326.0833333333333333,1326.1428571428571429
2023-01-26 00:00:00+00:00,2023-01-27 00:00:00+00:00,PACE,6026.2000000000000000,6499.5000000000000000,7284.0769230769230769,1117.2500000000000000
2023-01-27 00:00:00+00:00,2023-01-28 00:00:00+00:00,PACE,6300.5882352941176471,6250.9333333333333333,6936.9375000000000000,586.4500000000000000
2023-01-28 00:00:00+00:00,2023-01-29 00:00:00+00:00,PACE,5874.5625000000000000,6049.9375000000000000,6114.4000000000000000,101.9230769230769231
2023-01-29 00:00:00+00:00,2023-01-30 00:00:00+00:00,PACE,5541.7500000000000000,6176.2666666666666667,5566.0000000000000000,-153.8000000000000000
2023-01-30 00:00:00+00:00,2023-01-31 00:00:00+00:00,PACE,6338.0625000000000000,6616.2307692307692308,6284.4285714285714286,-94.6428571428571429
2023-01-31 00:00:00+00:00,2023-02-01 00:00:00+00:00,PACE,6667.4444444444444444,6658.0000000000000000,7108.2142857142857143,485.3076923076923077
2023-02-01 00:00:00+00:00,2023-02-02 00:00:00+00:00,PACE,6606.1111111111111111,6581.4615384615384615,7510.0769230769230769,1086.3333333333333333
2023-02-02 00:00:00+00:00,2023-02-03 00:00:00+00:00,PACE,6143.5000000000000000,6417.0555555555555556,7228.8421052631578947,928.0000000000000000
2023-02-03 00:00:00+00:00,2023-02-04 00:00:00+00:00,PACE,6197.5833333333333333,6167.8571428571428571,6871.2352941176470588,525.8947368421052632
2023-02-04 00:00:00+00:00,2023-02-05 00:00:00+00:00,PACE,6052.2105263157894737,5971.6666666666666667,6301.8571428571428571,206.8125000000000000
2023-02-05 00:00:00+00:00,2023-02-06 00:00:00+00:00,PACE,6043.1428571428571429,5886.5263157894736842,5664.7333333333333333,-381.5789473684210526
2023-02-06 00:00:00+00:00,2023-02-07 00:00:00+00:00,PACE,6130.8947368421052632,6193.8888888888888889,5946.6666666666666667,-136.7647058823529412
2023-02-07 00:00:00+00:00,2023-02-08 00:00:00+00:00,PACE,6052.3888888888888889,6384.5714285714285714,6512.2000000000000000,461.4117647058823529
2023-02-08 00:00:00+00:00,2023-02-09 00:00:00+00:00,PACE,6145.0952380952380952,6302.6666666666666667,6940.2222222222222222,769.7368421052631579
2023-02-09 00:00:00+00:00,2023-02-10 00:00:00+00:00,PACE,5963.0588235294117647,6480.0526315789473684,6358.1250000000000000,301.6666666666666667
2023-02-10 00:00:00+00:00,2023-02-11 00:00:00+00:00,PACE,6138.2631578947368421,6490.0526315789473684,6774.6666666666666667,482.4285714285714286
2023-02-11 00:00:00+00:00,2023-02-12 00:00:00+00:00,PACE,5965.1111111111111111,6022.1111111111111111,6019.9285714285714286,-48.4375000000000000
2023-02-12 00:00:00+00:00,2023-02-13 00:00:00+00:00,PACE,5710.7894736842105263,5908.1176470588235294,5809.7142857142857143,160.8181818181818182
2023-02-13 00:00:00+00:00,2023-02-14 00:00:00+00:00,PACE,6014.7333333333333333,6068.9333333333333333,5891.1428571428571429,-159.8750000000000000
2023-02-14 00:00:00+00:00,2023-02-15 00:00:00+00:00,PACE,6133.9285714285714286,6272.3000000000000000,6430.4761904761904762,621.0000000000000000
2023-02-15 00:00:00+00:00,2023-02-16 00:00:00+00:00,PACE,6247.1666666666666667,6534.4666666666666667,6067.7272727272727273,103.4000000000000000
2023-02-16 00:00:00+00:00,2023-02-17 00:00:00+00:00,PACE,6075.7692307692307692,6531.7857142857142857,6056.4000000000000000,-152.8333333333333333
2023-02-17 00:00:00+00:00,2023-02-18 00:00:00+00:00,PACE,6354.2666666666666667,6442.3636363636363636,6319.0909090909090909,165.7058823529411765
2023-02-18 00:00:00+00:00,2023-02-19 00:00:00+00:00,PACE,6146.9090909090909091,6151.4615384615384615,6071.0714285714285714,-103.5833333333333333
2023-02-19 00:00:00+00:00,2023-02-20 00:00:00+00:00,PACE,5998.5555555555555556,6020.8666666666666667,6319.6875000000000000,378.5000000000000000
2023-02-20 00:00:00+00:00,2023-02-21 00:00:00+00:00,PACE,6218.1666666666666667,6069.4666666666666667,6009.6470588235294118,-20.0000000000000000
2023-02-21 00:00:00+00:00,2023-02-22 00:00:00+00:00,PACE,6235.0625000000000000,6285.7058823529411765,6293.1875000000000000,92.6153846153846154
2023-02-22 00:00:00+00:00,2023-02-23 00:00:00+00:00,PACE,6302.2500000000000000,6403.1000000000000000,5785.6666666666666667,-511.2777777777777778
2023-02-23 00:00:00+00:00,2023-02-24 00:00:00+00:00,PACE,6319.2631578947368421,6595.4000000000000000,5677.2500000000000000,-673.1764705882352941
2023-02-24 00:00:00+00:00,2023-02-25 00:00:00+00:00,PACE,6104.3750000000000000,6541.6666666666666667,6877.2307692307692308,939.4375000000000000
2023-02-25 00:00:00+00:00,2023-02-26 00:00:00+00:00,PACE,5820.1250000000000000,6155.2222222222222222,6818.5714285714285714,642.8823529411764706
2023-02-26 00:00:00+00:00,2023-02-27 00:00:00+00:00,PACE,5786.0625000000000000,5988.5333333333333333,5721.0000000000000000,83.0666666666666667
2023-02-27 00:00:00+00:00,2023-02-28 00:00:00+00:00,PACE,6069.9000000000000000,6144.7777777777777778,6602.2857142857142857,655.2307692307692308
2023-02-28 00:00:00+00:00,2023-03-01 00:00:00+00:00,PACE,6034.2000000000000000,6237.6153846153846154,6270.7058823529411765,128.3684210526315789
2023-03-01 00:00:00+00:00,2023-03-02 00:00:00+00:00,PACE,6144.5263157894736842,6292.7000000000000000,5775.0714285714285714,-445.5000000000000000
2023-03-02 00:00:00+00:00,2023-03-03 00:00:00+00:00,PACE,6185.3076923076923077,6341.4736842105263158,5871.7647058823529412,-431.9333333333333333
2023-03-03 00:00:00+00:00,2023-03-04 00:00:00+00:00,PACE,6127.3125000000000000,6409.8333333333333333,6022.6666666666666667,-112.5384615384615385
2023-03-04 00:00:00+00:00,2023-03-05 00:00:00+00:00,PACE,6082.4444444444444444,5958.3846153846153846,5854.4166666666666667,-118.0000000000000000
2023-03-05 00:00:00+00:00,2023-03-06 00:00:00+00:00,PACE,5779.7058823529411765,5925.2631578947368421,5737.6923076923076923,-120.1875000000000000
2023-03-06 00:00:00+00:00,2023-03-07 00:00:00+00:00,PACE,6075.4000000000000000,6210.5714285714285714,5518.6666666666666667,-661.0833333333333333
2023-03-07 00:00:00+00:00,2023-03-08 00:00:00+00:00,PACE,6137.3333333333333333,6176.9000000000000000,6133.4444444444444444,0.75000000000000000000
2023-03-08 00:00:00+00:00,2023-03-09 00:00:00+00:00,PACE,6280.3529411764705882,6212.2500000000000000,5978.1875000000000000,-293.6666666666666667
2023-03-09 00:00:00+00:00,2023-03-10 00:00:00+00:00,PACE,6216.0833333333333333,6220.9333333333333333,6771.7142857142857143,412.3125000000000000
2023-03-10 00:00:00+00:00,2023-03-11 00:00:00+00:00,PACE,5985.1250000000000000,6099.4666666666666667,6170.5555555555555556,-119.1875000000000000
2023-03-11 00:00:00+00:00,2023-03-12 00:00:00+00:00,PACE,5740.0666666666666667,5790.2500000000000000,5536.1333333333333333,-204.7500000000000000
2023-03-12 00:00:00+00:00,2023-03-13 00:00:00+00:00,PACE,5634.4285714285714286,5591.7500000000000000,4910.8125000000000000,-674.6428571428571429
2023-03-13 00:00:00+00:00,2023-03-14 00:00:00+00:00,PACE,5632.6000000000000000,5849.8750000000000000,5087.0666666666666667,-723.1176470588235294
2023-03-14 00:00:00+00:00,2023-03-15 00:00:00+00:00,PACE,5608.0000000000000000,5728.6000000000000000,5918.1538461538461538,261.9285714285714286
2023-03-15 00:00:00+00:00,2023-03-16 00:00:00+00:00,PACE,5612.0000000000000000,5677.9375000000000000,5793.0000000000000000,-11.0000000000000000
2023-03-16 00:00:00+00:00,2023-03-17 00:00:00+00:00,PACE,5716.8181818181818182,5922.1176470588235294,5145.6923076923076923,-681.8823529411764706
2023-03-17 00:00:00+00:00,2023-03-18 00:00:00+00:00,PACE,5844.1538461538461538,5979.4705882352941176,5220.2666666666666667,-799.3157894736842105
2023-03-18 00:00:00+00:00,2023-03-19 00:00:00+00:00,PACE,5578.2666666666666667,5673.8750000000000000,5001.3076923076923077,-507.3000000000000000
2023-03-19 00:00:00+00:00,2023-03-20 00:00:00+00:00,PACE,5501.4285714285714286,5570.4736842105263158,5058.2631578947368421,-426.0714285714285714
2023-03-20 00:00:00+00:00,2023-03-21 00:00:00+00:00,PACE,5903.4705882352941176,5792.8750000000000000,5004.8461538461538462,-884.1578947368421053
2023-03-21 00:00:00+00:00,2023-03-22 00:00:00+00:00,PACE,5867.3333333333333333,5857.8181818181818182,5839.8947368421052632,-35.6250000000000000
2023-03-22 00:00:00+00:00,2023-03-23 00:00:00+00:00,PACE,6061.5000000000000000,5838.4000000000000000,4967.6153846153846154,-1043.8823529411764706
2023-03-23 00:00:00+00:00,2023-03-24 00:00:00+00:00,PACE,5977.2500000000000000,5871.6842105263157895,5539.5000000000000000,-393.5625000000000000
2023-03-24 00:00:00+00:00,2023-03-25 00:00:00+00:00,PACE,5697.2857142857142857,5998.6153846153846154,5392.6000000000000000,-515.0000000000000000
2023-03-25 00:00:00+00:00,2023-03-26 00:00:00+00:00,PACE,5678.9090909090909091,5799.7692307692307692,5628.1428571428571429,-155.1538461538461538
2023-03-26 00:00:00+00:00,2023-03-27 00:00:00+00:00,PACE,5727.6842105263157895,5790.0000000000000000,5004.1250000000000000,-681.0000000000000000
2023-03-27 00:00:00+00:00,2023-03-28 00:00:00+00:00,PACE,6040.8750000000000000,6055.5882352941176471,5163.0666666666666667,-978.1666666666666667
2023-03-28 00:00:00+00:00,2023-03-29 00:00:00+00:00,PACE,5932.5000000000000000,6064.5833333333333333,6095.9000000000000000,-73.0000000000000000
2023-03-29 00:00:00+00:00,2023-03-30 00:00:00+00:00,PACE,5785.9090909090909091,5853.5384615384615385,4991.1333333333333333,-756.8888888888888889
2023-03-30 00:00:00+00:00,2023-03-31 00:00:00+00:00,PACE,5965.7777777777777778,5785.7272727272727273,4954.8000000000000000,-907.4117647058823529
2023-03-31 00:00:00+00:00,2023-04-01 00:00:00+00:00,PACE,6094.8823529411764706,5817.3846153846153846,6092.1111111111111111,-42.5454545454545455
2023-04-01 00:00:00+00:00,2023-04-02 00:00:00+00:00,PACE,5639.3333333333333333,5484.8947368421052632,5867.0625000000000000,270.0769230769230769
2023-04-02 00:00:00+00:00,2023-04-03 00:00:00+00:00,PACE,5543.3684210526315789,5291.1666666666666667,5718.6875000000000000,167.3500000000000000
2023-04-03 00:00:00+00:00,2023-04-04 00:00:00+00:00,PACE,6006.6428571428571429,5822.2666666666666667,5030.4666666666666667,-1195.2666666666666667
2023-04-04 00:00:00+00:00,2023-04-05 00:00:00+00:00,PACE,6200.1578947368421053,6019.9444444444444444,5415.0000000000000000,-631.9411764705882353
2023-04-05 00:00:00+00:00,2023-04-06 00:00:00+00:00,PACE,5971.2727272727272727,5933.6470588235294118,5653.6111111111111111,-460.7142857142857143
2023-04-06 00:00:00+00:00,2023-04-07 00:00:00+00:00,PACE,5997.9230769230769231,5998.4705882352941176,6238.9444444444444444,268.7500000000000000
2023-04-07 00:00:00+00:00,2023-04-08 00:00:00+00:00,PACE,5709.8888888888888889,5810.9375000000000000,4758.8666666666666667,-841.0000000000000000
2023-04-08 00:00:00+00:00,2023-04-09 00:00:00+00:00,PACE,5296.1428571428571429,5373.0625000000000000,4291.6666666666666667,-950.1363636363636364
2023-04-09 00:00:00+00:00,2023-04-10 00:00:00+00:00,PACE,5175.3846153846153846,5197.8947368421052632,5037.0000000000000000,-193.6666666666666667
2023-04-10 00:00:00+00:00,2023-04-11 00:00:00+00:00,PACE,5423.5833333333333333,5442.4500000000000000,5495.9230769230769231,66.3333333333333333
2023-04-11 00:00:00+00:00,2023-04-12 00:00:00+00:00,PACE,5525.0000000000000000,5484.6875000000000000,4888.1428571428571429,-559.5625000000000000
2023-04-12 00:00:00+00:00,2023-04-13 00:00:00+00:00,PACE,5463.4375000000000000,5541.7692307692307692,4345.1764705882352941,-1047.9333333333333333
2023-04-13 00:00:00+00:00,2023-04-14 00:00:00+00:00,PACE,5432.6000000000000000,5595.5263157894736842,5295.7692307692307692,-261.1764705882352941
2023-04-14 00:00:00+00:00,2023-04-15 00:00:00+00:00,PACE,5549.0000000000000000,5638.5333333333333333,4814.5555555555555556,-828.8571428571428571
2023-04-15 00:00:00+00:00,2023-04-16 00:00:00+00:00,PACE,5311.7368421052631579,5414.3571428571428571,4718.1250000000000000,-436.2666666666666667
2023-04-16 00:00:00+00:00,2023-04-17 00:00:00+00:00,PACE,5192.6000000000000000,5246.0555555555555556,5081.0588235294117647,-100.1250000000000000
2023-04-17 00:00:00+00:00,2023-04-18 00:00:00+00:00,PACE,5424.6111111111111111,5476.2222222222222222,5195.8125000000000000,-91.6500000000000000
2023-04-18 00:00:00+00:00,2023-04-19 00:00:00+00:00,PACE,5398.6000000000000000,5542.5384615384615385,5016.2500000000000000,-523.6000000000000000
2023-04-19 00:00:00+00:00,2023-04-20 00:00:00+00:00,PACE,5629.7368421052631579,5490.6428571428571429,5926.6315789473684211,344.6470588235294118
2023-04-20 00:00:00+00:00,2023-04-21 00:00:00+00:00,PACE,5715.3888888888888889,5679.7333333333333333,5375.1538461538461538,-378.3076923076923077
2023-04-21 00:00:00+00:00,2023-04-22 00:00:00+00:00,PACE,5743.3571428571428571,5600.5714285714285714,5251.6000000000000000,-299.2857142857142857
2023-04-22 00:00:00+00:00,2023-04-23 00:00:00+00:00,PACE,5347.8000000000000000,5345.2142857142857143,4354.1666666666666667,-903.5000000000000000
2023-04-23 00:00:00+00:00,2023-04-24 00:00:00+00:00,PACE,5092.5000000000000000,5143.7500000000000000,4207.3529411764705882,-919.6000000000000000
2023-04-24 00:00:00+00:00,2023-04-25 00:00:00+00:00,PACE,5382.4000000000000000,5301.4444444444444444,4288.5625000000000000,-1196.2666666666666667
2023-04-25 00:00:00+00:00,2023-04-26 00:00:00+00:00,PACE,5551.4210526315789474,5419.1052631578947368,4188.7857142857142857,-1395.3636363636363636
2023-04-26 00:00:00+00:00,2023-04-27 00:00:00+00:00,PACE,5279.4375000000000000,5389.5714285714285714,4165.6666666666666667,-1195.1111111111111111
2023-04-27 00:00:00+00:00,2023-04-28 00:00:00+00:00,PACE,5341.4375000000000000,5432.2727272727272727,5067.5882352941176471,-249.9545454545454545
2023-04-28 00:00:00+00:00,2023-04-29 00:00:00+00:00,PACE,5346.8421052631578947,5358.5000000000000000,4729.5714285714285714,-796.6000000000000000
2023-04-29 00:00:00+00:00,2023-04-30 00:00:00+00:00,PACE,4945.0000000000000000,5164.6428571428571429,4557.1875000000000000,-380.8947368421052632
2023-04-30 00:00:00+00:00,2023-05-01 00:00:00+00:00,PACE,4879.4666666666666667,5182.0588235294117647,3953.7857142857142857,-1061.9411764705882353
2023-05-01 00:00:00+00:00,2023-05-02 00:00:00+00:00,PACE,5353.3888888888888889,5361.1250000000000000,3988.0000000000000000,-1419.8181818181818182
2023-05-02 00:00:00+00:00,2023-05-03 00:00:00+00:00,PACE,5477.6250000000000000,5601.6428571428571429,4630.5294117647058824,-759.7500000000000000
2023-05-03 00:00:00+00:00,2023-05-04 00:00:00+00:00,PACE,5361.6111111111111111,5574.8000000000000000,4128.8750000000000000,-1199.6923076923076923
2023-05-04 00:00:00+00:00,2023-05-05 00:00:00+00:00,PACE,5320.1333333333333333,5513.2857142857142857,3960.6000000000000000,-1114.2222222222222222
2023-05-05 00:00:00+00:00,2023-05-06 00:00:00+00:00,PACE,5236.5384615384615385,5345.0000000000000000,4157.5625000000000000,-862.0000000000000000
2023-05-06 00:00:00+00:00,2023-05-07 00:00:00+00:00,PACE,5012.8823529411764706,5055.5333333333333333,4772.4666666666666667,-322.8000000000000000
2023-05-07 00:00:00+00:00,2023-05-08 00:00:00+00:00,PACE,4795.8823529411764706,5096.3333333333333333,4507.6923076923076923,-477.8750000000000000
2023-05-08 00:00:00+00:00,2023-05-09 00:00:00+00:00,PACE,5116.9473684210526316,5337.6000000000000000,4340.0000000000000000,-880.2941176470588235
2023-05-09 00:00:00+00:00,2023-05-10 00:00:00+00:00,PACE,5151.6875000000000000,5448.4705882352941176,3829.3157894736842105,-1353.1764705882352941
2023-05-10 00:00:00+00:00,2023-05-11 00:00:00+00:00,PACE,5175.3000000000000000,5251.1666666666666667,4239.9090909090909091,-915.1875000000000000
2023-05-11 00:00:00+00:00,2023-05-12 00:00:00+00:00,PACE,5139.3888888888888889,5364.1333333333333333,4544.6666666666666667,-647.7222222222222222
2023-05-12 00:00:00+00:00,2023-05-13 00:00:00+00:00,PACE,5156.2000000000000000,5295.1052631578947368,5109.2777777777777778,-84.1250000000000000
2023-05-13 00:00:00+00:00,2023-05-14 00:00:00+00:00,PACE,5021.7142857142857143,5081.5000000000000000,4544.2352941176470588,-355.7857142857142857
2023-05-14 00:00:00+00:00,2023-05-15 00:00:00+00:00,PACE,4783.1666666666666667,4943.4375000000000000,4144.0769230769230769,-845.5384615384615385
2023-05-15 00:00:00+00:00,2023-05-16 00:00:00+00:00,PACE,5149.8000000000000000,5352.9333333333333333,4266.9333333333333333,-803.5294117647058824
2023-05-16 00:00:00+00:00,2023-05-17 00:00:00+00:00,PACE,5221.7142857142857143,5459.0000000000000000,5084.7857142857142857,-607.1764705882352941
2023-05-17 00:00:00+00:00,2023-05-18 00:00:00+00:00,PACE,5552.5833333333333333,5481.5555555555555556,4641.0000000000000000,-612.4705882352941176
2023-05-18 00:00:00+00:00,2023-05-19 00:00:00+00:00,PACE,5478.1333333333333333,5570.6315789473684211,4608.0555555555555556,-918.2777777777777778
2023-05-19 00:00:00+00:00,2023-05-20 00:00:00+00:00,PACE,5445.0000000000000000,5428.4736842105263158,4162.4117647058823529,-1261.2666666666666667
2023-05-20 00:00:00+00:00,2023-05-21 00:00:00+00:00,PACE,5414.7333333333333333,5299.0000000000000000,3695.3846153846153846,-1592.4285714285714286
2023-05-21 00:00:00+00:00,2023-05-22 00:00:00+00:00,PACE,5243.2000000000000000,5344.4000000000000000,3881.5000000000000000,-1547.3333333333333333
2023-05-22 00:00:00+00:00,2023-05-23 00:00:00+00:00,PACE,5847.1904761904761905,5460.8000000000000000,3899.1578947368421053,-1698.4000000000000000
2023-05-23 00:00:00+00:00,2023-05-24 00:00:00+00:00,PACE,5659.8125000000000000,5564.0000000000000000,4220.0000000000000000,-1479.9411764705882353
2023-05-24 00:00:00+00:00,2023-05-25 00:00:00+00:00,PACE,5451.5000000000000000,5576.6923076923076923,4293.2941176470588235,-1089.4210526315789474
2023-05-25 00:00:00+00:00,2023-05-26 00:00:00+00:00,PACE,5517.0000000000000000,5590.4705882352941176,4017.8125000000000000,-1333.8235294117647059
2023-05-26 00:00:00+00:00,2023-05-27 00:00:00+00:00,PACE,5268.1250000000000000,5527.5882352941176471,4779.3125000000000000,-620.6923076923076923
2023-05-27 00:00:00+00:00,2023-05-28 00:00:00+00:00,PACE,4875.2500000000000000,5388.1578947368421053,4374.8571428571428571,-551.2352941176470588
2023-05-28 00:00:00+00:00,2023-05-29 00:00:00+00:00,PACE,4857.3333333333333333,5379.1764705882352941,4621.5882352941176471,-281.9285714285714286
2023-05-29 00:00:00+00:00,2023-05-30 00:00:00+00:00,PACE,5144.9090909090909091,5601.4666666666666667,4766.7894736842105263,-269.9285714285714286
2023-05-30 00:00:00+00:00,2023-05-31 00:00:00+00:00,PACE,5711.9230769230769231,5820.0000000000000000,4494.0000000000000000,-1012.2941176470588235
2023-05-31 00:00:00+00:00,2023-06-01 00:00:00+00:00,PACE,5404.4444444444444444,5614.1052631578947368,4283.7142857142857143,-1366.2857142857142857
2023-06-01 00:00:00+00:00,2023-06-02 00:00:00+00:00,PACE,5608.5384615384615385,5296.5000000000000000,4496.4545454545454545,-898.0666666666666667
2023-06-02 00:00:00+00:00,2023-06-03 00:00:00+00:00,PACE,5414.2105263157894737,5289.8333333333333333,4253.7500000000000000,-1172.5000000000000000
2023-06-03 00:00:00+00:00,2023-06-04 00:00:00+00:00,PACE,5273.0000000000000000,5087.2941176470588235,4121.2105263157894737,-817.1250000000000000
2023-06-04 00:00:00+00:00,2023-06-05 00:00:00+00:00,PACE,5130.6000000000000000,5052.8888888888888889,4422.8000000000000000,-366.2941176470588235
2023-06-05 00:00:00+00:00,2023-06-06 00:00:00+00:00,PACE,5564.3684210526315789,5508.9375000000000000,5732.9444444444444444,215.2222222222222222
2023-06-06 00:00:00+00:00,2023-06-07 00:00:00+00:00,PACE,5764.0000000000000000,5737.0769230769230769,5641.2222222222222222,-179.3333333333333333
2023-06-07 00:00:00+00:00,2023-06-08 00:00:00+00:00,PACE,5854.0625000000000000,5902.5625000000000000,5766.1333333333333333,-47.1764705882352941
2023-06-08 00:00:00+00:00,2023-06-09 00:00:00+00:00,PACE,5738.2941176470588235,6173.0769230769230769,5336.6111111111111111,-317.8823529411764706
2023-06-09 00:00:00+00:00,2023-06-10 00:00:00+00:00,PACE,5585.3125000000000000,5947.6875000000000000,5223.4500000000000000,-380.3750000000000000
2023-06-10 00:00:00+00:00,2023-06-11 00:00:00+00:00,PACE,5320.1052631578947368,5521.8000000000000000,4680.6250000000000000,-697.0714285714285714
2023-06-11 00:00:00+00:00,2023-06-12 00:00:00+00:00,PACE,5406.3684210526315789,5242.6153846153846154,5002.5294117647058824,-337.3846153846153846
2023-06-12 00:00:00+00:00,2023-06-13 00:00:00+00:00,PACE,5431.5294117647058824,5439.9444444444444444,5435.7647058823529412,-100.3000000000000000
2023-06-13 00:00:00+00:00,2023-06-14 00:00:00+00:00,PACE,5406.5384615384615385,5607.1111111111111111,4771.6250000000000000,-849.7500000000000000
2023-06-14 00:00:00+00:00,2023-06-15 00:00:00+00:00,PACE,5534.8947368421052632,5580.1538461538461538,5209.3636363636363636,-396.3076923076923077
2023-06-15 00:00:00+00:00,2023-06-16 00:00:00+00:00,PACE,5564.9333333333333333,5464.7500000000000000,4962.2222222222222222,-644.1111111111111111
2023-06-16 00:00:00+00:00,2023-06-17 00:00:00+00:00,PACE,5224.4666666666666667,5505.9000000000000000,5118.4444444444444444,-173.6000000000000000
2023-06-17 00:00:00+00:00,2023-06-18 00:00:00+00:00,PACE,5333.8888888888888889,5283.7500000000000000,5249.5384615384615385,-160.2500000000000000
2023-06-18 00:00:00+00:00,2023-06-19 00:00:00+00:00,PACE,5490.4285714285714286,5566.4444444444444444,5449.1333333333333333,-66.0625000000000000
2023-06-19 00:00:00+00:00,2023-06-20 00:00:00+00:00,PACE,5598.6363636363636364,5896.0000000000000000,5414.5000000000000000,-498.2500000000000000
2023-06-20 00:00:00+00:00,2023-06-21 00:00:00+00:00,PACE,5319.0000000000000000,5814.6875000000000000,5028.0555555555555556,-333.4375000000000000
2023-06-21 00:00:00+00:00,2023-06-22 00:00:00+00:00,PACE,5532.0000000000000000,5480.7500000000000000,6209.0714285714285714,485.4666666666666667
2023-06-22 00:00:00+00:00,2023-06-23 00:00:00+00:00,PACE,5672.5000000000000000,5542.2727272727272727,5878.8000000000000000,84.8666666666666667
2023-06-23 00:00:00+00:00,2023-06-24 00:00:00+00:00,PACE,6067.0909090909090909,5715.2222222222222222,5839.1666666666666667,29.7222222222222222
2023-06-24 00:00:00+00:00,2023-06-25 00:00:00+00:00,PACE,5435.0833333333333333,5444.5294117647058824,5650.7500000000000000,51.4210526315789474
2023-06-25 00:00:00+00:00,2023-06-26 00:00:00+00:00,PACE,5546.6666666666666667,5561.2000000000000000,5276.6000000000000000,-553.8461538461538462
2023-06-26 00:00:00+00:00,2023-06-27 00:00:00+00:00,PACE,6161.2631578947368421,6110.1500000000000000,5822.9230769230769231,-526.4285714285714286
2023-06-27 00:00:00+00:00,2023-06-28 00:00:00+00:00,PACE,6409.5384615384615385,5998.3333333333333333,5887.3750000000000000,-351.7058823529411765
2023-06-28 00:00:00+00:00,2023-06-29 00:00:00+00:00,PACE,6288.2727272727272727,5978.2941176470588235,6570.4444444444444444,338.2500000000000000
2023-06-29 00:00:00+00:00,2023-06-30 00:00:00+00:00,PACE,6062.1578947368421053,6142.6875000000000000,6412.4666666666666667,178.5833333333333333
2023-06-30 00:00:00+00:00,2023-07-01 00:00:00+00:00,PACE,5962.4666666666666667,6064.0000000000000000,5927.5000000000000000,133.0500000000000000
2023-07-01 00:00:00+00:00,2023-07-02 00:00:00+00:00,PACE,6448.4444444444444444,6421.6428571428571429,6115.0588235294117647,-449.6842105263157895
2023-07-02 00:00:00+00:00,2023-07-03 00:00:00+00:00,PACE,6568.7500000000000000,6432.7142857142857143,6132.1111111111111111,-215.5333333333333333
2023-07-03 00:00:00+00:00,2023-07-04 00:00:00+00:00,PACE,6310.6428571428571429,7024.4375000000000000,6429.4666666666666667,-206.7857142857142857
2023-07-04 00:00:00+00:00,2023-07-05 00:00:00+00:00,PACE,6666.2857142857142857,6664.7777777777777778,5803.1538461538461538,-200.2777777777777778
2023-07-05 00:00:00+00:00,2023-07-06 00:00:00+00:00,PACE,6551.7058823529411765,6514.2941176470588235,6479.1176470588235294,193.6666666666666667
2023-07-06 00:00:00+00:00,2023-07-07 00:00:00+00:00,PACE,6505.6111111111111111,6674.0625000000000000,6696.1538461538461538,228.0625000000000000
2023-07-07 00:00:00+00:00,2023-07-08 00:00:00+00:00,PACE,6943.7857142857142857,6625.8235294117647059,6263.2380952380952381,-332.6875000000000000
2023-07-08 00:00:00+00:00,2023-07-09 00:00:00+00:00,PACE,6412.8571428571428571,6712.8888888888888889,6223.3181818181818182,-443.6111111111111111
2023-07-09 00:00:00+00:00,2023-07-10 00:00:00+00:00,PACE,6537.5454545454545455,6744.0000000000000000,5913.0714285714285714,-586.1111111111111111
2023-07-10 00:00:00+00:00,2023-07-11 00:00:00+00:00,PACE,7246.6000000000000000,7062.4000000000000000,6472.1875000000000000,-859.8823529411764706
2023-07-11 00:00:00+00:00,2023-07-12 00:00:00+00:00,PACE,6926.9000000000000000,7086.5000000000000000,6750.2222222222222222,-135.4500000000000000
2023-07-12 00:00:00+00:00,2023-07-13 00:00:00+00:00,PACE,7162.4545454545454545,7606.9411764705882353,7015.7647058823529412,210.3076923076923077
2023-07-13 00:00:00+00:00,2023-07-14 00:00:00+00:00,PACE,6995.3500000000000000,7043.5333333333333333,6724.4666666666666667,-105.2857142857142857
2023-07-14 00:00:00+00:00,2023-07-15 00:00:00+00:00,PACE,6971.4000000000000000,7004.4500000000000000,6883.1538461538461538,131.8888888888888889
2023-07-15 00:00:00+00:00,2023-07-16 00:00:00+00:00,PACE,6687.0666666666666667,7121.6666666666666667,6662.9285714285714286,322.2941176470588235
2023-07-16 00:00:00+00:00,2023-07-17 00:00:00+00:00,PACE,6783.2000000000000000,6904.1111111111111111,7337.8571428571428571,761.5789473684210526
2023-07-17 00:00:00+00:00,2023-07-18 00:00:00+00:00,PACE,7333.3636363636363636,7825.2380952380952381,7470.3333333333333333,-25.3333333333333333
2023-07-18 00:00:00+00:00,2023-07-19 00:00:00+00:00,PACE,6975.3684210526315789,7675.3500000000000000,6968.6666666666666667,-141.1538461538461538
2023-07-19 00:00:00+00:00,2023-07-20 00:00:00+00:00,PACE,6937.7058823529411765,7614.8000000000000000,7178.3636363636363636,257.3500000000000000
2023-07-20 00:00:00+00:00,2023-07-21 00:00:00+00:00,PACE,6456.8095238095238095,7301.9000000000000000,7190.3333333333333333,598.9500000000000000
2023-07-21 00:00:00+00:00,2023-07-22 00:00:00+00:00,PACE,6995.0526315789473684,7439.5555555555555556,7000.7894736842105263,-121.8500000000000000
2023-07-22 00:00:00+00:00,2023-07-23 00:00:00+00:00,PACE,7092.8000000000000000,7319.5555555555555556,6584.0000000000000000,-317.1500000000000000
2023-07-23 00:00:00+00:00,2023-07-24 00:00:00+00:00,PACE,7053.9473684210526316,7489.5555555555555556,6760.8125000000000000,-438.7692307692307692
2023-07-24 00:00:00+00:00,2023-07-25 00:00:00+00:00,PACE,7138.3571428571428571,7404.1333333333333333,6809.6666666666666667,-396.5454545454545455
2023-07-25 00:00:00+00:00,2023-07-26 00:00:00+00:00,PACE,7005.1428571428571429,7340.3076923076923077,6750.5454545454545455,32.2142857142857143
2023-07-26 00:00:00+00:00,2023-07-27 00:00:00+00:00,PACE,7060.7500000000000000,7459.0625000000000000,7037.5714285714285714,85.4444444444444444
2023-07-27 00:00:00+00:00,2023-07-28 00:00:00+00:00,PACE,7445.7692307692307692,7605.8000000000000000,7538.6923076923076923,832.2777777777777778
2023-07-28 00:00:00+00:00,2023-07-29 00:00:00+00:00,PACE,6471.4444444444444444,7433.6666666666666667,7818.7500000000000000,917.6875000000000000
2023-07-29 00:00:00+00:00,2023-07-30 00:00:00+00:00,PACE,6894.8000000000000000,7281.1111111111111111,7294.2857142857142857,271.6000000000000000
2023-07-30 00:00:00+00:00,2023-07-31 00:00:00+00:00,PACE,7555.5833333333333333,7108.1538461538461538,7451.4615384615384615,461.5333333333333333
2023-07-31 00:00:00+00:00,2023-08-01 00:00:00+00:00,PACE,6793.7500000000000000,7410.3333333333333333,7346.0000000000000000,348.4000000000000000
2023-08-01 00:00:00+00:00,2023-08-02 00:00:00+00:00,PACE,6391.2222222222222222,7047.7142857142857143,7447.5000000000000000,820.6666666666666667
2023-08-02 00:00:00+00:00,2023-08-03 00:00:00+00:00,PACE,6069.5714285714285714,6780.2857142857142857,6805.8000000000000000,802.9166666666666667
2023-08-03 00:00:00+00:00,2023-08-04 00:00:00+00:00,PACE,5930.4545454545454545,6886.7647058823529412,6766.0000000000000000,971.3846153846153846
2023-08-04 00:00:00+00:00,2023-08-05 00:00:00+00:00,PACE,5627.3076923076923077,6678.4375000000000000,7369.7692307692307692,1271.0000000000000000
2023-08-05 00:00:00+00:00,2023-08-06 00:00:00+00:00,PACE,5701.4000000000000000,6257.0666666666666667,7183.6666666666666667,1376.9166666666666667
2023-08-06 00:00:00+00:00,2023-08-07 00:00:00+00:00,PACE,5742.7272727272727273,5925.3636363636363636,7430.5000000000000000,1612.1538461538461538
2023-08-07 00:00:00+00:00,2023-08-08 00:00:00+00:00,PACE,13483.375000000000,6343.6666666666666667,7615.3125000000000000,-5827.0000000000000000
2023-08-08 00:00:00+00:00,2023-08-09 00:00:00+00:00,PACE,6066.6666666666666667,6268.0769230769230769,7699.9230769230769231,1486.4285714285714286
2023-08-09 00:00:00+00:00,2023-08-10 00:00:00+00:00,PACE,6060.9411764705882353,6283.9230769230769231,7280.6428571428571429,1305.6428571428571429
2023-08-10 00:00:00+00:00,2023-08-11 00:00:00+00:00,PACE,6223.0000000000000000,6855.4000000000000000,7066.0666666666666667,749.2142857142857143
2023-08-11 00:00:00+00:00,2023-08-12 00:00:00+00:00,PACE,6883.6666666666666667,6752.6000000000000000,7217.6250000000000000,439.2666666666666667
2023-08-12 00:00:00+00:00,2023-08-13 00:00:00+00:00,PACE,6326.6470588235294118,6371.0588235294117647,7031.8333333333333333,455.5625000000000000
2023-08-13 00:00:00+00:00,2023-08-14 00:00:00+00:00,PACE,6069.7500000000000000,6452.1875000000000000,6748.9230769230769231,796.0000000000000000
2023-08-14 00:00:00+00:00,2023-08-15 00:00:00+00:00,PACE,6789.5000000000000000,6765.2222222222222222,7092.0454545454545455,680.9375000000000000
2023-08-15 00:00:00+00:00,2023-08-16 00:00:00+00:00,PACE,6401.2777777777777778,6863.7500000000000000,6962.0555555555555556,470.1818181818181818
2023-08-16 00:00:00+00:00,2023-08-17 00:00:00+00:00,PACE,6885.4736842105263158,7673.5625000000000000,7443.0869565217391304,652.1500000000000000
2023-08-17 00:00:00+00:00,2023-08-18 00:00:00+00:00,PACE,6926.0909090909090909,7218.7142857142857143,7347.7142857142857143,465.6818181818181818
2023-08-18 00:00:00+00:00,2023-08-19 00:00:00+00:00,PACE,7042.1111111111111111,7404.9285714285714286,8026.2000000000000000,828.9285714285714286
2023-08-19 00:00:00+00:00,2023-08-20 00:00:00+00:00,PACE,6490.8421052631578947,6313.7857142857142857,6892.2941176470588235,440.8750000000000000
2023-08-20 00:00:00+00:00,2023-08-21 00:00:00+00:00,PACE,6277.5000000000000000,6387.0714285714285714,7203.4117647058823529,1030.6111111111111111
2023-08-21 00:00:00+00:00,2023-08-22 00:00:00+00:00,PACE,6263.1875000000000000,6764.5000000000000000,6717.3571428571428571,696.4166666666666667
2023-08-22 00:00:00+00:00,2023-08-23 00:00:00+00:00,PACE,6239.7142857142857143,6477.4117647058823529,6382.2857142857142857,-6.7500000000000000
2023-08-23 00:00:00+00:00,2023-08-24 00:00:00+00:00,PACE,6183.1333333333333333,6253.1538461538461538,7100.8823529411764706,1040.1176470588235294
2023-08-24 00:00:00+00:00,2023-08-25 00:00:00+00:00,PACE,6262.0000000000000000,6406.7500000000000000,7129.2666666666666667,862.9500000000000000
2023-08-25 00:00:00+00:00,2023-08-26 00:00:00+00:00,PACE,6541.8000000000000000,6269.0714285714285714,6682.0000000000000000,-104.6000000000000000
2023-08-26 00:00:00+00:00,2023-08-27 00:00:00+00:00,PACE,6607.1578947368421053,5784.0000000000000000,7132.8125000000000000,698.9285714285714286
2023-08-27 00:00:00+00:00,2023-08-28 00:00:00+00:00,PACE,6236.7777777777777778,6022.6666666666666667,7013.1250000000000000,669.0000000000000000
2023-08-28 00:00:00+00:00,2023-08-29 00:00:00+00:00,PACE,6687.7692307692307692,7106.5714285714285714,7208.4285714285714286,758.8666666666666667
2023-08-29 00:00:00+00:00,2023-08-30 00:00:00+00:00,PACE,6614.4210526315789474,7103.2941176470588235,7194.3076923076923077,423.7333333333333333
2023-08-30 00:00:00+00:00,2023-08-31 00:00:00+00:00,PACE,6736.2666666666666667,6883.4285714285714286,7232.6153846153846154,747.8333333333333333
2023-08-31 00:00:00+00:00,2023-09-01 00:00:00+00:00,PACE,6505.6666666666666667,6645.0000000000000000,7456.7647058823529412,1035.3333333333333333
2023-09-01 00:00:00+00:00,2023-09-02 00:00:00+00:00,PACE,6447.7333333333333333,6602.1250000000000000,6979.8571428571428571,603.1875000000000000
2023-09-02 00:00:00+00:00,2023-09-03 00:00:00+00:00,PACE,5692.7272727272727273,6036.0000000000000000,6898.6428571428571429,961.5833333333333333
2023-09-03 00:00:00+00:00,2023-09-04 00:00:00+00:00,PACE,6118.3076923076923077,6066.1428571428571429,6619.7058823529411765,713.4375000000000000
2023-09-04 00:00:00+00:00,2023-09-05 00:00:00+00:00,PACE,5327.1333333333333333,5895.7500000000000000,5809.9285714285714286,137.8461538461538462
2023-09-05 00:00:00+00:00,2023-09-06 00:00:00+00:00,PACE,5511.8947368421052632,6150.7692307692307692,6585.7142857142857143,1180.6153846153846154
2023-09-06 00:00:00+00:00,2023-09-07 00:00:00+00:00,PACE,5658.3750000000000000,5939.8823529411764706,6793.0000000000000000,782.4285714285714286
2023-09-07 00:00:00+00:00,2023-09-08 00:00:00+00:00,PACE,6005.8888888888888889,6329.2000000000000000,6637.8125000000000000,617.5625000000000000
2023-09-08 00:00:00+00:00,2023-09-09 00:00:00+00:00,PACE,5863.7857142857142857,6287.8461538461538462,7013.3888888888888889,1040.9230769230769231
2023-09-09 00:00:00+00:00,2023-09-10 00:00:00+00:00,PACE,5790.3636363636363636,5894.7500000000000000,7114.6000000000000000,1401.4444444444444444
2023-09-10 00:00:00+00:00,2023-09-11 00:00:00+00:00,PACE,5481.6875000000000000,5946.5384615384615385,6962.6875000000000000,1510.2500000000000000
2023-09-11 00:00:00+00:00,2023-09-12 00:00:00+00:00,PACE,5677.5294117647058824,6206.0000000000000000,7064.9523809523809524,1016.0666666666666667
2023-09-12 00:00:00+00:00,2023-09-13 00:00:00+00:00,PACE,6016.2500000000000000,6132.4444444444444444,7049.5833333333333333,871.9166666666666667
2023-09-13 00:00:00+00:00,2023-09-14 00:00:00+00:00,PACE,5793.5263157894736842,5965.7500000000000000,7105.2857142857142857,1109.5625000000000000
2023-09-14 00:00:00+00:00,2023-09-15 00:00:00+00:00,PACE,5531.4285714285714286,5874.2105263157894737,6695.6923076923076923,1010.8888888888888889
2023-09-15 00:00:00+00:00,2023-09-16 00:00:00+00:00,PACE,5622.4375000000000000,5920.2307692307692308,6662.3888888888888889,1059.6153846153846154
2023-09-16 00:00:00+00:00,2023-09-17 00:00:00+00:00,PACE,5658.2500000000000000,5523.6111111111111111,6496.1428571428571429,922.1538461538461538
2023-09-17 00:00:00+00:00,2023-09-18 00:00:00+00:00,PACE,5227.7500000000000000,5608.3846153846153846,5515.0000000000000000,200.2222222222222222
2023-09-18 00:00:00+00:00,2023-09-19 00:00:00+00:00,PACE,5994.8571428571428571,5854.6875000000000000,5381.0714285714285714,-469.8333333333333333
2023-09-19 00:00:00+00:00,2023-09-20 00:00:00+00:00,PACE,5968.8666666666666667,6210.1538461538461538,6330.6666666666666667,322.2777777777777778
2023-09-20 00:00:00+00:00,2023-09-21 00:00:00+00:00,PACE,5924.0526315789473684,5845.6190476190476190,6090.3333333333333333,117.3333333333333333
2023-09-21 00:00:00+00:00,2023-09-22 00:00:00+00:00,PACE,5470.2500000000000000,5630.6666666666666667,6044.4736842105263158,494.7500000000000000
2023-09-22 00:00:00+00:00,2023-09-23 00:00:00+00:00,PACE,5301.2631578947368421,5546.5000000000000000,6436.6000000000000000,1093.8181818181818182
2023-09-23 00:00:00+00:00,2023-09-24 00:00:00+00:00,PACE,4967.2500000000000000,5295.9444444444444444,6320.9333333333333333,1350.3684210526315789
2023-09-24 00:00:00+00:00,2023-09-25 00:00:00+00:00,PACE,4901.1500000000000000,5229.3529411764705882,5417.5238095238095238,515.7647058823529412
2023-09-25 00:00:00+00:00,2023-09-26 00:00:00+00:00,PACE,5305.3888888888888889,5627.3125000000000000,5635.1333333333333333,279.0000000000000000
2023-09-26 00:00:00+00:00,2023-09-27 00:00:00+00:00,PACE,5321.5238095238095238,5906.6470588235294118,5735.3684210526315789,269.6315789473684211
2023-09-27 00:00:00+00:00,2023-09-28 00:00:00+00:00,PACE,5574.7368421052631579,5776.0000000000000000,5631.3125000000000000,283.5000000000000000
2023-09-28 00:00:00+00:00,2023-09-29 00:00:00+00:00,PACE,5329.8333333333333333,5689.2941176470588235,5659.0000000000000000,367.6470588235294118
2023-09-29 00:00:00+00:00,2023-09-30 00:00:00+00:00,PACE,5649.1250000000000000,5549.8666666666666667,5698.9375000000000000,-87.3529411764705882
2023-09-30 00:00:00+00:00,2023-10-01 00:00:00+00:00,PACE,5447.8750000000000000,5525.8461538461538462,6120.9500000000000000,755.6190476190476190
2023-10-01 00:00:00+00:00,2023-10-02 00:00:00+00:00,PACE,4934.6500000000000000,5111.1176470588235294,5481.6111111111111111,509.3333333333333333
2023-10-02 00:00:00+00:00,2023-10-03 00:00:00+00:00,PACE,5127.3333333333333333,5301.7368421052631579,5141.0000000000000000,87.3076923076923077
2023-10-03 00:00:00+00:00,2023-10-04 00:00:00+00:00,PACE,5126.5555555555555556,5363.7500000000000000,5905.2307692307692308,790.1578947368421053
2023-10-04 00:00:00+00:00,2023-10-05 00:00:00+00:00,PACE,5154.5882352941176471,5433.2777777777777778,5549.7647058823529412,716.0588235294117647
2023-10-05 00:00:00+00:00,2023-10-06 00:00:00+00:00,PACE,4803.1764705882352941,5540.7777777777777778,6121.5384615384615385,1156.4375000000000000
2023-10-06 00:00:00+00:00,2023-10-07 00:00:00+00:00,PACE,4664.0000000000000000,5435.1000000000000000,5355.3333333333333333,639.7647058823529412
2023-10-07 00:00:00+00:00,2023-10-08 00:00:00+00:00,PACE,4694.9285714285714286,5070.2222222222222222,5364.0769230769230769,625.0000000000000000
2023-10-08 00:00:00+00:00,2023-10-09 00:00:00+00:00,PACE,4804.7058823529411765,5239.6111111111111111,5189.9047619047619048,485.2666666666666667
2023-10-09 00:00:00+00:00,2023-10-10 00:00:00+00:00,PACE,4899.4285714285714286,5478.0500000000000000,5470.4500000000000000,537.2142857142857143
2023-10-10 00:00:00+00:00,2023-10-11 00:00:00+00:00,PACE,5042.8235294117647059,5600.0000000000000000,5629.0000000000000000,408.1875000000000000
2023-10-11 00:00:00+00:00,2023-10-12 00:00:00+00:00,PACE,5236.7058823529411765,5403.6500000000000000,5454.8000000000000000,340.9444444444444444
2023-10-12 00:00:00+00:00,2023-10-13 00:00:00+00:00,PACE,5433.1250000000000000,5549.3333333333333333,5833.1500000000000000,453.7222222222222222
2023-10-13 00:00:00+00:00,2023-10-14 00:00:00+00:00,PACE,5091.6875000000000000,5501.6500000000000000,5850.7222222222222222,645.4000000000000000
2023-10-14 00:00:00+00:00,2023-10-15 00:00:00+00:00,PACE,4922.5263157894736842,5175.6875000000000000,5415.3000000000000000,495.0000000000000000
2023-10-15 00:00:00+00:00,2023-10-16 00:00:00+00:00,PACE,5008.5789473684210526,5138.6842105263157895,5415.8461538461538462,406.6000000000000000
2023-10-16 00:00:00+00:00,2023-10-17 00:00:00+00:00,PACE,5031.0526315789473684,5469.8333333333333333,6360.1111111111111111,1368.6000000000000000
2023-10-17 00:00:00+00:00,2023-10-18 00:00:00+00:00,PACE,5150.7058823529411765,5611.1052631578947368,6477.0952380952380952,1468.4444444444444444
2023-10-18 00:00:00+00:00,2023-10-19 00:00:00+00:00,PACE,4986.2272727272727273,5372.2941176470588235,6413.5000000000000000,1510.2352941176470588
2023-10-19 00:00:00+00:00,2023-10-20 00:00:00+00:00,PACE,5026.8500000000000000,5470.6315789473684211,6661.7058823529411765,1755.6428571428571429
2023-10-20 00:00:00+00:00,2023-10-21 00:00:00+00:00,PACE,5052.4736842105263158,5476.6666666666666667,6697.0000000000000000,1591.0000000000000000
2023-10-21 00:00:00+00:00,2023-10-22 00:00:00+00:00,PACE,4828.7916666666666667,5508.4285714285714286,6036.0000000000000000,1215.8125000000000000
2023-10-22 00:00:00+00:00,2023-10-23 00:00:00+00:00,PACE,4977.2272727272727273,5197.1111111111111111,5783.5789473684210526,791.0454545454545455
2023-10-23 00:00:00+00:00,2023-10-24 00:00:00+00:00,PACE,5226.0000000000000000,5349.0000000000000000,5644.5263157894736842,352.7368421052631579
2023-10-24 00:00:00+00:00,2023-10-25 00:00:00+00:00,PACE,5128.4375000000000000,5434.8636363636363636,6372.7777777777777778,1151.1111111111111111
2023-10-25 00:00:00+00:00,2023-10-26 00:00:00+00:00,PACE,5073.0666666666666667,5436.2631578947368421,6764.6086956521739130,1672.6363636363636364
2023-10-26 00:00:00+00:00,2023-10-27 00:00:00+00:00,PACE,5308.2000000000000000,5595.3500000000000000,6499.2500000000000000,1169.5000000000000000
2023-10-27 00:00:00+00:00,2023-10-28 00:00:00+00:00,PACE,5261.5789473684210526,5624.4375000000000000,6430.1875000000000000,1198.3750000000000000
2023-10-28 00:00:00+00:00,2023-10-29 00:00:00+00:00,PACE,5068.4761904761904762,5512.4736842105263158,5678.4736842105263158,673.6666666666666667
2023-10-29 00:00:00+00:00,2023-10-30 00:00:00+00:00,PACE,4972.0000000000000000,5520.0588235294117647,6048.0588235294117647,1089.1764705882352941
2023-10-30 00:00:00+00:00,2023-10-31 00:00:00+00:00,PACE,5359.0526315789473684,5932.1000000000000000,6735.9047619047619048,1387.4117647058823529
2023-10-31 00:00:00+00:00,2023-11-01 00:00:00+00:00,PACE,5502.8461538461538462,5851.4615384615384615,6607.4210526315789474,1161.2777777777777778
2023-11-01 00:00:00+00:00,2023-11-02 00:00:00+00:00,PACE,5364.5000000000000000,6020.2500000000000000,6720.5000000000000000,1248.0000000000000000
